Document Last Updated on 04-22-2026,,,,,,,,
Award number,Award Name,Sponsoring Organization,Award Field,Career Stage,Award Amount,awards with nomination deadlines during,Nomination Deadline,Website
1,The Wolf Prize,The Wolf Foundation,Multiple disciplines,All stages,100000,September-December awards,"February 16, 2026",https://wolffund.org.il/the-wolf-prize/call-for-proposal/
2,Patricia Price Browne Prize in Biomedical Ethics,Children's Medical Research Institute/Patricia Price Browne Distinguished Chair (administered through the University of Oklahoma College of Medicine),Public Health & Policy,Middle to Senior-level,10000,September-December awards,"September 15, 2024 (submission deadline for the 2025 Patricia Price Browne Prize)",https://medicine.ouhsc.edu/academic-departments/pediatrics/patricia-price-browne-prize-in-biomedical-ethics
3,Wiley Prize in Biomedical Sciences,Wiley Foundation,Biomedical Research,All stages,50000 (no current amount listed on website; amount retained from prior data),September-December awards,"August 31, 2025",https://www.wiley.com/en-us/foundation/nominate/
4,The Tang Prize in Biopharmaceutical Science,Tang Prize Foundation,Biomedical Research,Senior-level,$1.63 Million (no current amount breakdown listed on website; amount retained from prior data),September-December awards,Biennial; current nomination deadline not listed (deadline not yet posted for upcoming cycle),https://www.tang-prize.org/en/first.php
5,Richard Lounsbery Award,National Academy of Sciences and the French Académie des Sciences,Biomedical Research,"Early-career (young scientists, typically 45 or under)",100000,September-December awards,"Monday, October 5, 2026",https://www.nasonline.org/award/richard-lounsbery-award/
6,The Passano Award,Passano Foundation,Medical Practice,Senior-level (established investigators),Honorarium (no fixed amount listed on website),September-December awards,Nominations invited throughout the year; selections made in December (no fixed calendar deadline listed),https://www.passanofoundation.org/award
7,The Jessie Stevenson Kovalenko Medal,National Academy of Sciences,Biomedical Research,Mid- to senior-career (outstanding research in the medical sciences),"Medal + $25,000 award + $50,000 for research (no updated amount listed on website; amounts retained from prior data)",September-December awards,"Monday, October 5, 2026 (NAS general awards nomination deadline for the 2026–27 cycle)",https://www.nasonline.org/award/jessie-stevenson-kovalenko-medal/
8,António Champalimaud Vision Award,Champalimaud Foundation,Vision,"Senior-level (leading laboratories, organizations, or collaborative projects)","1,000,000 Euros",September-December awards,"December 31, 2025 (deadline for submissions for the €1,000,000 2026 António Champalimaud Vision Award)",https://www.fchampalimaud.org/vision-award
9,Mechthild Esser Nemmers Prize in Medical Science,Northwestern University Feinberg School of Medicine,Biomedical Research,All stages (physician-scientists with a distinguished body of work),200000,September-December awards,TBD (deadline not yet posted for upcoming cycle),https://www.nemmers.northwestern.edu/medical-science/
10,The Kavli Prize,The Kavli Foundation and The Norwegian Academy of Science and Letters,"Astrophysics, Nanoscience, and Neuroscience",All stages,"1000000 (USD $1,000,000 in each scientific field)",September-December awards,TBD (next call for nominations not yet posted for upcoming cycle),https://www.kavliprize.org/about/nominations
11,Warren Alpert Foundation Prize,Warren Alpert Foundation and Harvard Medical School,Biomedical Research,All stages,500000,September-December awards,TBD (deadline not yet posted for upcoming cycle),https://www.warrenalpert.org/prize
12,The Shaw Prize in Life Science & Medicine,The Shaw Prize Foundation,Biomedical Research,All stages,1200000,September-December awards,Invitation-only nominations; nomination period typically early September–late November (exact upcoming deadline not yet posted for upcoming cycle),https://www.shawprize.org/about/about-the-prize/
13,The Franklin Institute Awards – Benjamin Franklin Medal,The Franklin Institute,Multiple disciplines,Senior-level,10000,September-December awards,None (nominations accepted at any time throughout the year),https://www.fi.edu/awards/call-for-nominations
14,Dickson Prize in Medicine,University of Pittsburgh School of Medicine,Biomedical Research,All stages,50000,September-December awards,"Friday, October 17, 2025 (for the 2026 Dickson Prize cycle; future deadlines not yet posted for subsequent cycles)",https://www.dicksonprize.pitt.edu/nomination/
15,NAS Award in Chemical Sciences,National Academy of Sciences,Chemistry,Senior-level,"$15,000 + medal",September-December awards,TBD (nomination deadline not listed on current award page; check NAS awards calls for specific year),https://www.nasonline.org/award/nas-award-in-chemical-sciences/
16,Eugene J. Van Scott Award for Innovative Therapy of the Skin and Phillip Frost Leadership Lecture,American Academy of Dermatology,Dermatology,Senior-level,"$25,000 + Plenary Lecture",September-December awards,Rolling Deadline (exact upcoming nomination deadline not listed on AAD awards page; deadline not yet posted for upcoming cycle),https://www.aad.org/member/career/awards
17,Selman A. Waksman Award in Microbiology,National Academy of Sciences,Immunology & Microbiology,All stages,20000,September-December awards,TBD (nomination deadline not listed on current award page; check NAS awards calls for specific year),https://www.nasonline.org/award/selman-a-waksman-award-in-microbiology/
18,NAS Award in Molecular Biology,National Academy of Sciences,"Genetics, Cell & Molecular Biology",Young investigator - no older than 50 (U.S. citizen),25000,September-December awards,TBD (nomination deadline not listed on current award page; check NAS awards calls for specific year),https://www.nasonline.org/award/nas-award-in-molecular-biology/
19,The Gruber Foundation Genetics Prize,The Gruber Foundation,"Genetics, Cell & Molecular Biology",Senior-level,"$500,000 + medal",September-December awards,TBD (nomination deadline not listed on current Genetics Prize page; deadline not yet posted for upcoming cycle),https://gruber.yale.edu/genetics
20,JBC Herbert Tabor Early Career Investigator Award,Journal of Biological Chemistry,"Genetics, Cell & Molecular Biology","Early-Career investigator (Pre-tenured faculty, students and postdocs)",All expenses paid trip to ASBMB annual meeting (no specific monetary amount listed on website),September-December awards,TBD (nomination timeline not clearly stated on current JBC/ASBMB materials; deadline not yet posted for upcoming cycle),https://www.jbc.org/tabor-awards
21,The Crafoord Prize in Polyarthritis,Royal Swedish Academy of Sciences,Polyarthritis (rheumatology-related research),Senior-level,SEK 6 million (as last stated for the polyarthritis prize; more recent general references mention SEK 8 million for the Crafoord Prize overall),September-December awards,TBD (deadline not listed on polyarthritis section or general nomination pages for upcoming cycle),https://www.crafoordprize.se/polyarthritis/
22,AAI Meritorious Career Award,The American Association of Immunologists,Immunology,Mid-career scientist,5000,September-December awards,"September 10, 2025 (for 2026 award cycle; nominations accepted beginning August 1, 2025)",https://www.aai.org/Awards/Career/AAI-Meritorious-Career-Award
23,AAI-BD Biosciences Investigator Award,The American Association of Immunologists,Immunology,Early-career investigator (within 5–10 years of first independent position),5000,September-December awards,"September 10, 2025 (for 2026 award cycle; nominations accepted beginning August 1, 2025)",https://www.aai.org/Awards/Career/AAI-Investigator-Award
24,James Prize in Science and Technology Integration,National Academy of Sciences,Science & Technology (integration of two or more disciplines),All career stages (often mid- to senior-level; not formally restricted by career stage),50000 (no explicit current amount statement found on NAS award page; amount retained from prior data – no current amount listed on website),September-December awards,TBD (no current nomination deadline listed on NAS award page for upcoming cycle; deadline not yet posted for upcoming cycle),https://www.nasonline.org/award/james-prize-in-science-and-technology-integration/
25,John P. McGovern Compleat Physician Award,Houston Academy of Medicine and Harris County Medical Society,"Medical Practice (Oslerian ideals, humane and ethical care, medical humanities)",Senior-level,5000 (no current amount specified in recent nomination guidelines; amount retained from prior data – no current amount listed on website),September-December awards,TBD (current public guidelines PDF describes nomination process but does not state a fixed annual deadline; deadline not yet posted for upcoming cycle),https://www.hcms.org/tmaimis/HARRIS/About/About_Us.aspx
26,Fyssen Foundation International Prize,Fondation Fyssen,"Ethology, Psychology, Neurobiology, Anthropology, Ethnology, Human Paleontology and Archaeology",Senior-level,"100,000 euros",September-December awards,"November 7, 2025 (closing date for receipt of nomination files for the 2025 International Prize; next cycle not yet posted)",https://www.fondationfyssen.fr/en/our-actions/international-prize/
27,John J. Carty Award for the Advancement of Science,National Academy of Sciences,"Multiple disciplines (any field within the NAS charter; biennial, field may vary)",Senior-level,"$25,000 + medal",September-December awards,TBD (NAS award page does not list the next nomination deadline; deadline not yet posted for upcoming cycle),https://www.nasonline.org/award/john-j-carty-award-for-the-advancement-of-science/
28,NAS Award for Scientific Discovery,National Academy of Sciences,"Astronomy, biochemistry, biophysics, chemistry, materials science, or physics (rotating fields in basic research)",Senior-level,"$50,000 for recipient and $50,000 for recipient's research + Medal",September-December awards,TBD (NAS award page describes the award but does not list the next nomination deadline; deadline not yet posted for upcoming cycle),https://www.nasonline.org/award/nas-award-for-scientific-discovery/
29,Pradel Research Award,National Academy of Sciences,Neuroscience,Mid-career neuroscientist,"50000 (presented as a $50,000 research award designated to an institution of the recipient’s choice to support neuroscience research)",September-December awards,TBD (NAS award page does not list the next nomination deadline; deadline not yet posted for upcoming cycle),https://www.nasonline.org/award/pradel-research-award/
30,"The Potamkin Prize for Research in Pick's, Alzheimer's, and Related Diseases",American Academy of Neurology and American Brain Foundation (supported by the Potamkin Family),"Neuroscience & Neurology (dementia, including Pick's disease, Alzheimer's disease, and related disorders)",All stages,100000 (no explicit current amount stated on AAN or Potamkin Prize site; amount retained from prior data – no current amount listed on website),September-December awards,TBD (current AAN/American Brain Foundation materials describe the prize but do not list a nomination deadline for the upcoming cycle; deadline not yet posted for upcoming cycle),https://www.aan.com/research/potamkin-prize-research-picks-alzheimers-related-diseases
31,Edward M. Scolnick Prize in Neuroscience,McGovern Institute for Brain Research at MIT,Neuroscience,All stages,225000,September-December awards,"December 15, 2026 (2027 prize nomination deadline)",https://mcgovern.mit.edu/events/edward-m-scolnick-prize-in-neuroscience/
32,The Gruber Foundation Neuroscience Prize,The Gruber Foundation,Neuroscience,All stages,500000,September-December awards,"December 15, 2025 (nominations for the 2026 Neuroscience Prize close on this date)",https://gruber.yale.edu/neuroscience
33,NAS Award in the Neurosciences,National Academy of Sciences,Neuroscience,All stages,25000,September-December awards,"next offer 2028 (triennial award; next call not yet posted on website, deadline not yet posted for 2028 cycle)",https://www.nasonline.org/award/nas-award-in-the-neurosciences/
34,John Dystel Prize for Multiple Sclerosis Research,National Multiple Sclerosis Society and the American Academy of Neurology (AAN),Neuroscience & Neurology,All stages,40000,September-December awards,"October 21, 2025 (applications close at 11:59 p.m. CT for the 2026 prize cycle)",https://www.aan.com/research/john-dystel-prize-for-multiple-sclerosis-research
35,Gale and Ira Drukier Prize in Children’s Health Research,Gale and Ira Drukier Institute for Children’s Health at Weill Cornell Medicine,Pediatrics / Children’s health research,Early-career pediatrician / early-career investigator,10000,September-December awards,TBD (deadline not yet posted for upcoming cycle; past calls have used a November 1 deadline),(website not available)
36,Troland Research Award,National Academy of Sciences,Psychology,Early-career investigator (preferably 45 years of age or younger),75000,September-December awards,"October 5, 2026 (NAS awards nomination deadline; used for the 2026 award cycle, future specific Troland deadlines not separately listed)",https://www.nasonline.org/award/troland-research-award/
37,Atkinson Prize in Psychological and Cognitive Sciences,National Academy of Sciences,Psychological and Cognitive Sciences,All stages,100000,September-December awards,"October 5, 2026 (NAS awards nomination deadline; specific Atkinson Prize call for the next biennial cycle not yet posted, deadline not yet posted for upcoming cycle)",https://www.nasonline.org/award/atkinson-prize-in-psychological-and-cognitive-sciences/
38,Jefferson Science Fellowships,"National Academies of Sciences, Engineering, and Medicine (Jefferson Science Fellowships Program)",Public Policy (including Public Health & Policy),"Tenured or similarly ranked faculty (or equivalent senior professionals, depending on track)","Fellowship (12-month assignment at U.S. Department of State or USAID; stipend and support provided, specific amount not listed on main program page)",September-December awards,"Late October (general application deadline window; exact deadline for upcoming competition not yet posted on main website, deadline not yet posted for upcoming cycle)",https://www.nationalacademies.org/our-work/jefferson-science-fellowships
39,The Commonwealth Fund Fellowship in Health Policy Leadership at Harvard University,"Harvard University (Harvard Medical School, Harvard T.H. Chan School of Public Health, Harvard Kennedy School) in partnership with The Commonwealth Fund",Public Health & Health Policy,Mid-career and early-career physicians (licensed physicians with prior clinical training),"Fellowship (each fellowship provides an $80,000 stipend, full tuition, individual health insurance, books, travel, and related program expenses)",September-December awards,"December 1, 2025 (Commonwealth Fund Fellowship application deadline for the 2026–2027 fellowship year)",https://cff.hms.harvard.edu/about
40,NAS Public Welfare Medal,National Academy of Sciences,Science and Public Welfare / Public Policy,All stages,Medal (no cash amount specified on website),September-December awards,"October 5, 2026 (NAS awards nomination deadline; specific Public Welfare Medal nomination deadline for upcoming cycle not listed separately, deadline not yet posted for later cycles beyond 2026)",https://www.nasonline.org/award/nas-public-welfare-medal/
41,Vannevar Bush Award,"National Science Board, U.S. National Science Foundation",Science & Technology,Senior-level,Medal,September-December awards,Nominations are closed for the 2025 Vannevar Bush Award (deadline for next cycle not yet posted for upcoming cycle),https://www.nsf.gov/nsb/vannevar-bush-award
42,NSB Science and Society Award,"National Science Board, U.S. National Science Foundation",Science & Technology / Public Understanding of Science,All stages,Medal,September-December awards,Nominations are closed for the 2025 Science and Society Award (deadline for next cycle not yet posted for upcoming cycle),https://www.nsf.gov/nsb/science-society-award
43,John H. Laragh Research Award,American Journal of Hypertension,Cardiovascular / Hypertension Research,Early-career-under 45 years of age,10000,September-December awards,TBD (deadline not specified on website for current cycle),https://academic.oup.com/ajh/pages/john_laragh_research_award
44,Master of the American College of Cardiology (MACC) designation,American College of Cardiology,Cardiovascular,Senior-level,Unknown (no monetary award specified on website),September-December awards,Annual nomination process; specific deadline varies by year and is not specified on the MACC designation webpage (deadline not specified on website),https://www.acc.org/Membership/Join-Us/Benefits/Award-Programs/Master-of-the-American-College-of-Cardiology-Designation
45,Richard N. Merkin Prize in Biomedical Technology,Broad Institute of MIT and Harvard,Biomedical Technology / Science & Technology,All stages,400000,September-December awards,Typically in early September–October; specific upcoming nomination deadline is not stated on the prize website (deadline not yet posted for upcoming cycle),https://merkinprize.org/about-the-prize
46,JEM Early Career Travel Award for Cytokines 2025: 13th Annual Meeting of the International Cytokine & Interferon Society,Journal of Experimental Medicine (Rockefeller University Press),Immunology & Microbiology,Early-career,1000,September-December awards,TBD (application deadline for the Cytokines 2025 travel award is not specified on the JEM award webpage or linked materials),https://rupress.org/jem/pages/early-career-travel-award
47,Robert Koch Award,Robert Koch Foundation,Infectious Disease Research / Basic Medical Research,All stages,120000 euros,September-December awards,2026-09-30 00:00:00,https://www.robert-koch-stiftung.de/en/awards/robert-koch-award
48,Robert Koch Gold Medal,Robert Koch Foundation,Infectious Disease Research / Microbiology,Senior-level,Gold Medal,September-December awards,TBD (nomination deadline is not specified on website),https://www.robert-koch-stiftung.de/en/awards/robert-koch-gold-medal
49,2026 ASCI / Bruce F. Scharschmidt & Peggy S. Crawford Translational Medicine Distinguished Lectureship and Award,American Society for Clinical Investigation,Medical Practice / Translational Medicine,All stages (MD or equivalent; excludes current ASCI Council members),20000,September-December awards,2025-10-15 23:59:00,https://beta.the-asci.org/news/awards/scharschmidtcrawford-award/nominations-open-for-the-2026-asci-scharschmidtcrawford-distinguished-lectureship-and-award/
50,Szent-Györgyi Prize for Progress in Cancer Research,National Foundation for Cancer Research,Cancer Research,All stages,30000,January-August awards,2026-02-28 00:00:00,https://www.nfcr.org/research-scientists/szent-gyorgyi-prize-for-progress-for-cancer-research/
51,ASCI PSSF Fellowship,American Society for Clinical Investigation,Medical Education,Trainee,50000,January-August awards,2026-01-05 00:00:00,https://beta.the-asci.org/news/nominations/nominations-open-for-the-2026-2027-asci-pssf-fellowship/
52,Lewis S. Rosenstiel Award for Distinguished Work in Basic Medical Research,Brandeis University,Biomedical Research,All stages,30000,January-August awards,TBD (deadline not yet posted for upcoming cycle),https://www.brandeis.edu/rosenstiel/rosenstielaward/index.html
53,AACR-St. Baldrick’s Foundation Award for Outstanding Achievement in Pediatric Cancer Research,American Association for Cancer Research,Cancer Research,Senior-level,Unknown (no current amount listed on website),January-August awards,2026-06-30 00:00:00 (deadline confirmed on website),https://www.aacr.org/awards/aacr-st-baldricks-foundation-award-for-outstanding-achievement-in-pediatric-cancer-research/
54,AACR Award for Outstanding Achievement in Blood Cancer Research,American Association for Cancer Research,Cancer Research,Senior-level,Unknown (no current amount listed on website),January-August awards,2026-06-30 00:00:00 (deadline confirmed on website),https://www.aacr.org/awards/aacr-award-for-outstanding-achievement-in-blood-cancer-research/
55,AACR-Daniel D. Von Hoff Award for Outstanding Contributions to Education and Training in Cancer Research,American Association for Cancer Research,Cancer Research,Senior-level,Unknown (no current amount listed on website),January-August awards,2026-06-30 00:00:00 (deadline confirmed on website),https://www.aacr.org/awards/aacr-daniel-von-hoff-award-aacr-scientific-awards/
56,AACR-St. Baldrick’s Foundation Award for Outstanding Achievement in Pediatric Cancer Research,American Association for Cancer Research,Cancer Research,Senior-level,Unknown (no current amount listed on website),January-August awards,2026-06-30 00:00:00 (deadline confirmed on website),https://www.aacr.org/awards/aacr-st-baldricks-foundation-award-for-outstanding-achievement-in-pediatric-cancer-research/
57,AACR James S. Ewing-Thelma B. Dunn Award for Outstanding Achievement in Pathology in Cancer Research,American Association for Cancer Research,Cancer Research,Senior-level,Unknown (no current amount listed on website),January-August awards,2026-06-30 00:00:00 (deadline confirmed on website),https://www.aacr.org/awards/aacr-james-s-ewing-thelma-b-dunn-award-for-outstanding-achievement-in-pathology-in-cancer-research/
58,AACR Award for Outstanding Achievement in Basic Cancer Research,American Association for Cancer Research,Cancer Research,Early-career,Unknown (no current amount listed on website),January-August awards,2026-06-30 00:00:00 (deadline confirmed on website),https://www.aacr.org/awards/aacr-award-for-outstanding-achievement-in-basic-cancer-research/
59,AACR Award for Outstanding Achievement in Chemistry in Cancer Research,American Association for Cancer Research,Cancer Research,Senior-level,unknown (no current amount listed on website),January-August awards,2026-06-30 00:00:00 (deadline confirmed on website),https://www.aacr.org/awards/aacr-award-for-outstanding-achievement-in-chemistry-in-cancer-research/
60,AACR-Joseph H. Burchenal Award for Outstanding Achievement in Clinical Cancer Research,American Association for Cancer Research,Cancer Research,Senior-level,unknown (no current amount listed on website),January-August awards,2026-06-30 00:00:00 (deadline confirmed on website),https://www.aacr.org/awards/aacr-joseph-h-burchenal-award-for-outstanding-achievement-in-clinical-cancer-research/
61,AACR-Minorities in Cancer Research Jane Cooke Wright Lectureship,American Association for Cancer Research,Cancer Research (with emphasis on advancing minority investigators in cancer research),Senior-level,unknown (no current amount listed on website),January-August awards,2026-06-30 00:00:00,https://www.aacr.org/awards/aacr-minorities-in-cancer-research-jane-cooke-wright-lectureship/
62,AACR-Women in Cancer Research Charlotte Friend Lectureship,American Association for Cancer Research,Cancer Research (with emphasis on women in cancer research),Senior-level,Unknown (no current amount listed on website),January-August awards,2026-06-30 00:00:00,https://www.aacr.org/awards/aacr-women-in-cancer-research-charlotte-friend-lectureship/
63,AACR-Cancer Research Institute Lloyd J. Old Award in Cancer Immunology,American Association for Cancer Research,Cancer Immunology,Senior-level,10000 (no current amount listed on website),January-August awards,2026-06-30 00:00:00,https://www.aacr.org/awards/aacr-cancer-research-institute-lloyd-j-old-award-in-cancer-immunology/
64,AACR-American Cancer Society Award for Research Excellence in Cancer Epidemiology and Prevention,American Association for Cancer Research,"Cancer epidemiology, biomarkers, and prevention",Senior-level,unknown (no current amount listed on website),January-August awards,2026-06-30 00:00:00,https://www.aacr.org/awards/aacr-american-cancer-society-award-for-research-excellence-in-cancer-epidemiology-and-prevention/
65,AACR Award for Lifetime Achievement in Cancer Research,American Association for Cancer Research,Cancer Research,Senior-level,unknown (no current amount listed on website),January-August awards,2026-06-30 00:00:00,https://www.aacr.org/awards/aacr-award-for-lifetime-achievement-in-cancer-research/
66,AACR-G.H.A. Clowes Award for Outstanding Basic Cancer Research,American Association for Cancer Research,Basic Cancer Research,Senior-level,unknown (no current amount listed on website),January-August awards,2026-06-30 00:00:00,https://www.aacr.org/awards/aacr-g-h-a-clowes-award/
67,Fondation ARC Léopold Griffuel Award,Fondation ARC pour la Recherche sur le Cancer,Cancer Research,All stages,"200,000 euros (no current amount listed on website)",,TBD (deadline not yet posted for upcoming cycle; website not loading correctly),https://www.fondation-arc.org/projets/54th-fondation-arc-leopold-griffuel-award (website not fully accessible at time of check)
68,AACR Margaret Foti Award for Leadership and Extraordinary Achievements in Cancer Research,American Association for Cancer Research,Cancer Research Leadership,Senior-level,unknown (no current amount listed on website),January-August awards,2026-06-30 00:00:00,https://www.aacr.org/awards/aacr-margaret-foti-award-for-leadership-and-extraordinary-achievements-in-cancer-research/
69,AACR-Princess Takamatsu Memorial Lectureship,American Association for Cancer Research,Cancer Research,Senior-level,unknown (no current amount listed on website),January-August awards,2026-06-30 00:00:00,https://www.aacr.org/awards/aacr-princess-takamatsu-memorial-lectureship/
70,AACR Team Science Award,American Association for Cancer Research,"Cancer Research (team-based, interdisciplinary research)",Senior-level (team leaders and members),unknown (no current amount listed on website),January-August awards,2026-06-30 00:00:00,https://www.aacr.org/awards/aacr-team-science-award/
71,AACR-Waun Ki Hong Award for Outstanding Achievement in Translational and Clinical Cancer Research,American Association for Cancer Research,Cancer Research (translational and clinical cancer research),Early- to mid-career (must be younger than 51 at time of award presentation),unknown (no current amount listed on website),January-August awards,2026-06-30 00:00:00 (deadline not yet posted for upcoming cycle; date retained from prior cycle),https://www.aacr.org/awards/aacr-waun-ki-hong-award-for-outstanding-achievement-in-translational-and-clinical-cancer-research/
72,Barancik Prize for Innovation in MS Research,National Multiple Sclerosis Society,Neuroscience & Neurology (multiple sclerosis research),Early to middle-career – typically no more than 20 years of experience as an independent investigator,125000,January-August awards,2025-08-11 00:00:00 (2026 deadline not yet posted for upcoming cycle),https://www.nationalmssociety.org/for-professionals/for-researchers/research-funding-opportunities/awards-prizes/barancik
73,Lefoulon-Delalande Scientific Grand Prize,Fondation Lefoulon-Delalande – Institut de France,Cardiovascular (cardiovascular biomedical research),Middle to senior-level (researcher with major contributions in cardiovascular research),€600000,January-August awards,2026-01-19 00:00:00,https://www.fondation-lefoulon-delalande.fr/en/scientific-grand-prize/
74,Robert Wood Johnson Foundation David E. Rogers Award,Association of American Medical Colleges (AAMC),Public Health & Policy (public health and health care improvement),Senior-level (faculty member at an AAMC-member medical school with major contributions to public health/health care),10000,January-August awards,2026-01-23 00:00:00 (deadline not yet posted for upcoming cycle; date retained from prior cycle),https://www.aamc.org/about-us/aamc-awards/rogers
75,AAMC Award for Excellence in Medical Education,Association of American Medical Colleges (AAMC),Medical Education,Senior-level (individuals or teams of two faculty members with national impact on medical education),10000,January-August awards,2026-01-23 00:00:00 (deadline not yet posted for upcoming cycle; date retained from prior cycle),https://www.aamc.org/about-us/aamc-awards/excellence
76,Award for Distinguished Research in the Biomedical Sciences,Association of American Medical Colleges (AAMC),Biomedical Research (basic or translational biomedical sciences),Senior-level (individual or team of two individuals for outstanding basic or translational research),10000 (no explicit current amount listed on AAMC award page; amount retained from prior cycle),January-August awards,2026-01-23 00:00:00 (deadline not yet posted for upcoming cycle; date retained from prior cycle),https://www.aamc.org/about-us/aamc-awards/distinguished-research
77,The Welch Award in Chemistry,The Welch Foundation,Chemistry,Senior-level (individual contributing significantly to basic chemical research),500000,January-August awards,TBD (deadline not yet posted for upcoming cycle),https://welch1.org/awards/welch-award-in-chemistry/welch-award-guidelines
78,Bressler Prize in Vision Science,Lighthouse Guild,Vision (vision science and vision-related research),Senior-level (established vision clinicians or scientists),25000 (no current amount listed on website; amount retained from prior cycle),January-August awards,TBD (deadline not yet posted for upcoming cycle),https://lighthouseguild.org/research/vision-science-awards/bressler-prize-in-vision-science/
79,Pisart Award in Technological Innovation,Lighthouse Guild,Vision (technological innovation improving the lives of people with vision loss),"Senior-level (individual, group, or organization with significant technological innovations improving lives of people with vision loss)",25000 (no current amount listed on website; amount retained from prior cycle),January-August awards,TBD (deadline not yet posted for upcoming cycle),https://lighthouseguild.org/research/vision-science-awards/pisart-award-in-vision-science/
80,Montrone-Seigel Prize in Biomedical Sciences,Foundation for the National Institutes of Health (FNIH),"Biomedical Research (basic, clinical, or translational biomedical sciences)",Middle-career (scientists aged 52 or younger),100000 (no different current amount listed on website; amount retained from prior cycle),January-August awards,2026-03-06 00:00:00 (deadline not yet posted for upcoming cycle; date retained from prior cycle),https://fnih.org/our-programs/powering-science/montrone-seigel-prize-in-biomedical-sciences/
81,Lee C. Howley Sr. Prize for Arthritis Scientific Research,Arthritis Foundation,Immunology & Microbiology,Senior-level,10000,September-December awards,TBD (nominations take place in September and October; specific deadline date not listed on website for upcoming cycle),https://www.arthritis.org/science/impact/howley-prize-arthritis-research
82,Lupus Insight Prize,Lupus Research Alliance,Immunology & Microbiology,All stages,"100000 (no current amount listed on website; historical announcements describe this as a $100,000 award)",January-August awards,TBD (2026 deadline has passed; deadline not yet posted for upcoming cycle),https://www.lupusresearch.org/for-researchers/funding-opportunities/insight-prize/
83,AAAS Martin and Rose Wachtel Cancer Research Award,AAAS,Cancer Research,"Early-career (Ph.D., M.D., or equivalent received within the last 10 years)","$25,000 & The award-winning Essay(s) will be published in Science Translational Medicine",January-August awards,2026-02-15 00:00:00 (deadline not yet posted on website for this specific cycle; date retained from existing data),https://www.aaas.org/programs/aaas-martin-and-rose-wachtel-cancer-research-award
84,NOSTER & Science Microbiome Prize,NOSTER & Science,Immunology & Microbiology,"Early-career (M.D., Ph.D., or M.D./Ph.D. received within the past 10 years)",25000 (no current amount listed on website landing page; amount retained from existing data),January-August awards,TBD (deadline not yet posted for upcoming cycle on website),https://www.science.org/content/page/noster-science-microbiome-prize
85,Princess of Asturias Award for Technical and Scientific Research,Fundación Princesa de Asturias,Biomedical Research,All stages,50000euros,January-August awards,TBD (no nomination deadline information listed on official awards page for upcoming cycle),https://www.fpa.es/en/princess-of-asturias-awards/
86,Science & PINS Prize for Neuromodulation,Science & PINS,Neuroscience & Neurology,Junior investigator - under the age of 45 (advanced degree received within the last 10 years),25000 (no current amount listed on website landing page; amount retained from existing data),January-August awards,2026-03-15 00:00:00 (deadline not yet posted on website for this specific cycle; date retained from existing data),https://www.science.org/content/page/science-pins-prize-how-enter
87,Excelsior Award,Society of General Physiologists,Physiology & Biophysics,"URM early-career (senior postdoctoral fellow, instructor, or non-tenure track assistant professor)",Unknown (no amount information listed on website),January-August awards,TBD (no nomination deadline listed on website for upcoming cycle),https://www.sgpweb.org/awards/excelsior
88,USERN Prize,Universal Scientific Education and Research Network (USERN),Biomedical Research,Junior investigator - under the age of 40,5000 (no current amount listed on website; amount retained from existing data),January-August awards,"2026-06-05 00:00:00 (2025 call lists a submission deadline of August 22, 2025; specific 2026 deadline not yet posted, existing date retained)",https://usern.org/prize
89,Spencer Foreman Award for Outstanding Community Engagement,AAMC,Biomedical Research,Institutional award,10000,January-August awards,2026-04-03 00:00:00,https://www.aamc.org/about-us/aamc-awards/spencer-foreman
90,Arnold P. Gold Foundation Humanism in Medicine Award,AAMC,Medical Education,All stages,5000 (no current amount listed on website; amount retained from existing data),January-August awards,2026-03-02 00:00:00 (deadline not yet posted on website for this specific cycle; date retained from existing data),https://www.aamc.org/about-us/aamc-awards/humanism
91,Louis and Artur Lucian Award for Research in Circulatory Diseases,McGill University,Cardiovascular,All stages,75000 CDN,January-August awards,2026-01-31 00:00:00,https://www.mcgill.ca/lucianaward/
92,Herbert W. Nickens Award,AAMC,Medical Education,All stages,10000,January-August awards,2026-04-03 00:00:00,https://www.aamc.org/about-us/aamc-awards/nickens
93,Herbert W. Nickens Faculty Fellowship,AAMC,Medical Education,Early-career (assistant-level faculty),25000,January-August awards,2026-04-03 00:00:00,https://www.aamc.org/about-us/aamc-awards/nickens-faculty-fellowship
94,Herbert W. Nickens Medical Student Scholarships,AAMC,Medical Education,Early-career (rising third-year medical students),5000,January-August awards,2026-04-03 00:00:00,https://www.aamc.org/about-us/aamc-awards/nickens-medical-student-scholarships
95,Alpha Omega Alpha Robert J. Glaser Distinguished Teacher Awards,AAMC,Medical Education,All faculty ranks (Assistant Professor or higher),7500,January-August awards,2026-04-03 00:00:00,https://www.aamc.org/about-us/aamc-awards/aoa-glaser-distinguished-teacher
96,ICIS-BioLegend William E. Paul Award,International Cytokine & Interferon Society (ICIS),Immunology & Microbiology,Senior-level,5000,January-August awards,2026-03-06 00:00:00,https://cytokinesociety.org/icis-biolegend-william-e-paul-award/
97,ICIS/Pfizer Award for Excellence in Cytokine and Interferon Research (formerly the Seymour & Vivian Milstein Award),International Cytokine & Interferon Society (ICIS),Immunology & Microbiology,Senior-level,10000,January-August awards,2026-03-06 00:00:00,https://cytokinesociety.org/awards/milstein-awards/
98,International Prize for Biology,Japan Society for the Promotion of Science,Biomedical Research,Senior-level,10000000 yen,January-August awards,TBD (deadline not yet posted for upcoming cycle),https://www.jsps.go.jp/english/e-biol/nomination.html
99,Gustav O. Lienhard Award for Advancement of Health Care,National Academy of Medicine,Public Health & Policy,Senior-level,40000,January-August awards,TBD (deadline not yet posted for upcoming cycle),https://nam.edu/about-the-nam/gustav-o-lienhard-award/
100,The Rhoda and Bernard Sarnat International Prize in Mental Health,National Academy of Medicine,Psychology & Psychiatry,All stages,20000,January-August awards,TBD (deadline not yet posted for upcoming cycle),https://nam.edu/the-rhoda-and-bernard-sarnat-international-prize-in-mental-health/
101,The Harvey Prize,Technion – Israel Institute of Technology,"Science, Technology, Human Health, and Peace in the Middle East",All stages (established researchers),75000,January-August awards,2026-03-15 00:00:00 (deadline not yet posted for 2027 cycle; date retained from previous cycle),https://harveypz.net.technion.ac.il/conditions-of-the-prize/
102,Earl and Thressa Stadtman Young Scholar Award,American Society for Biochemistry and Molecular Biology,Biochemistry and Molecular Biology,Early-career (no more than 15 years since Ph.D. and/or M.D.),10000,January-August awards,TBD (nominations for the 2027 ASBMB Annual Awards will open in the spring; deadline not yet posted for upcoming cycle),https://www.asbmb.org/awards-grants/stadtman-young-scholar
103,ASBMB William C. Rose Award for Exemplary Contributions to Education,American Society for Biochemistry and Molecular Biology,Biochemistry and Molecular Biology Education,All stages,3000,January-August awards,TBD (nominations for the 2027 ASBMB Annual Awards will open in the spring; deadline not yet posted for upcoming cycle),https://www.asbmb.org/awards-grants/education
104,ASBMB Leadership Award (Emerging Leadership Award and Sustained Leadership Award),American Society for Biochemistry and Molecular Biology,Biochemistry and Molecular Biology; Leadership and Advancement of Women in Science,"Emerging Leadership Award: early-career (associate/assistant professor or equivalent, ≤15 years since terminal degree); Sustained Leadership Award: senior-level (full professor/senior scientist, >15 years since terminal degree)",3000,January-August awards,TBD (nominations for the 2026 ASBMB Annual Awards are closed; deadline for the next cycle not yet posted),https://www.asbmb.org/career-resources/awards-grants-fellowships/leadership
105,ASBMB–Merck Award,American Society for Biochemistry and Molecular Biology,Biochemistry and Molecular Biology,All stages,5000 (no current amount listed on website; amount retained from previous information),January-August awards,TBD (ASBMB award winners page does not list current call; deadline not yet posted for upcoming cycle),https://www.asbmb.org/career-resources/awards-grants-fellowships/merck
106,Avanti Award in Lipids,American Society for Biochemistry and Molecular Biology,Lipid Research (Biochemistry and Molecular Biology),All stages,3000 (no current amount listed on ASBMB website; amount retained from previous information),January-August awards,TBD (deadline not yet posted for upcoming ASBMB annual awards cycle),https://www.asbmb.org/career-resources/awards-grants-fellowships/avanti
107,DeLano Award for Computational Biosciences,American Society for Biochemistry and Molecular Biology,Computational Biosciences / Computational Biology,All stages,3000 (no current amount listed on ASBMB website; amount retained from previous information),January-August awards,TBD (deadline not yet posted for upcoming ASBMB annual awards cycle),https://www.asbmb.org/career-resources/awards-grants/delano
108,ASBMB Mildred Cohn Young Investigator Award,American Society for Biochemistry and Molecular Biology,Biochemistry and Molecular Biology,Early-career (no more than 15 years since Ph.D. and/or M.D.),5000,January-August awards,TBD (nominations for the 2027 ASBMB Annual Awards will open in the spring; deadline not yet posted for upcoming cycle),https://www.asbmb.org/awards-grants/young-investigator
109,Walter A. Shaw Young Investigator Award in Lipid Research,American Society for Biochemistry and Molecular Biology,Lipid Research (Biochemistry and Molecular Biology),Early-career (young investigator; typically within 15 years of terminal degree),2000 (no current amount listed on ASBMB website; amount retained from previous information),January-August awards,TBD (deadline not yet posted for upcoming ASBMB annual awards cycle),https://www.asbmb.org/career-resources/awards-grants/shaw
110,William C. Rose Award,American Society for Biochemistry and Molecular Biology,Biochemistry and Molecular Biology,All stages,3000 (no current amount listed on current ASBMB page dedicated to the education-focused Rose award; amount retained from previous information),January-August awards,TBD (deadline not yet posted for upcoming ASBMB annual awards cycle),https://www.asbmb.org/career-resources/awards-grants/education
111,Rosalind Franklin Young Investigator Award,The Gruber Foundation,Genetics,Early-career (first one to three years of an independent faculty-level position),"$225,000 over three years",January-August awards,Applications currently closed; next application cycle will open in 2028 (deadline not yet posted for upcoming cycle),https://gruber.yale.edu/rosalind-franklin-young-investigator-award
112,Peter and Patricia Gruber International Research Award in Neuroscience,The Gruber Foundation & Society for Neuroscience,Neuroscience,"Early-career (advanced graduate students, postdoctoral fellows, or research associates)","$50,000–$75,000 total, shared equally by two or three recipients",January-August awards,TBD (deadline not yet posted for upcoming cycle),https://www.sfn.org/careers/awards/early-career/peter-and-patricia-gruber-international-research-award
113,Donald B. Lindsley Prize in Behavioral Neuroscience,The Grass Foundation & Society for Neuroscience,Behavioral Neuroscience,Early-career (outstanding PhD thesis in behavioral neuroscience),"$5,000",January-August awards,TBD (deadline not yet posted for upcoming cycle),https://www.sfn.org/careers/awards/early-career/donald-b-lindsley-prize-in-behavioral-neuroscience
114,Janett Rosenberg Trubatch Career Development Award,The Trubatch Family & Society for Neuroscience,Neuroscience,Early-career (during academic transitions prior to tenure),"$2,000",January-August awards,TBD (deadline not yet posted for upcoming cycle),https://www.sfn.org/careers/awards/early-career/janett-rosenberg-trubatch-career-development-award
115,Jennifer N. Bourne Prize in Neuronal and Synaptic Structure and Function,Society for Neuroscience,Neuroscience (neuronal and synaptic structure and function),Early-career,"$5,000 (no current amount listed on website)",January-August awards,TBD (deadline not yet posted for upcoming cycle),https://www.sfn.org/careers/awards/early-career/bourne-prize
116,Bernice Grafstein Award for Outstanding Accomplishments in Mentoring,Society for Neuroscience,Neuroscience (advancement of women in neuroscience),All stages (mentors supporting women in neuroscience),"$2,500 (no current amount listed on website)",January-August awards,TBD (deadline not yet posted for upcoming cycle),https://www.sfn.org/initiatives/awards/bernice-grafstein-award
117,Louise Hanson Marshall Special Recognition Award,Society for Neuroscience,Neuroscience (promotion of women in neuroscience),All stages,Unknown (no current amount listed on website),January-August awards,TBD (deadline not yet posted for upcoming cycle),https://www.sfn.org/initiatives/awards/louise-hanson-marshall-award
118,Award for Education in Neuroscience,Society for Neuroscience,Neuroscience education and training,All stages,Unknown (no current amount listed on website),January-August awards,TBD (deadline not yet posted for upcoming cycle),https://www.sfn.org/outreach/awards/award-for-education-in-neuroscience
119,Next Generation Award,Society for Neuroscience,Neuroscience outreach and public education,All stages (SfN chapters and individual neuroscientists or students),"$3,000",January-August awards,TBD (deadline not yet posted for upcoming cycle),https://www.sfn.org/outreach/awards/next-generation-award
120,Science Educator Award,Society for Neuroscience,Neuroscience & science communication,All stages,"$5,000 honorarium per recipient",January-August awards,TBD (deadline not yet posted for upcoming cycle),https://www.sfn.org/outreach/awards/science-educator-award
121,Nemko Prize in Cellular or Molecular Neuroscience,The Nemko Family & Society for Neuroscience,Neuroscience & Neurology,Early-career,2500,January-August awards,"Submissions Open: Mar 23, 2026, 08:00 AM EDT; Submissions Close: May 7, 2026, 05:00 PM EDT",https://www.sfn.org/careers/awards/early-career/nemko-prize-in-cellular-or-molecular-neuroscience
122,Jacob P. Waletzky Award,The Waletzky Prize Award Fund & Society for Neuroscience,Neuroscience & Neurology,Early-career,30000,January-August awards,"Submissions Open: Mar 23, 2026, 08:00 AM EDT; Submissions Close: May 7, 2026, 05:00 PM EDT",https://www.sfn.org/careers/awards/outstanding-career-and-research-achievements-awards/jacob-p-waletzky-award
123,Ralph W. Gerard Prize in Neuroscience,Society for Neuroscience,Neuroscience & Neurology,Senior-level,30000,January-August awards,"Submissions Open: Mar 23, 2026, 08:00 AM EDT; Submissions Close: May 7, 2026, 05:00 PM EDT",https://www.sfn.org/careers/awards/outstanding-career-and-research-achievements-awards/ralph-w-gerard-prize
124,Swartz Prize for Theoretical and Computational Neuroscience,The Swartz Foundation & Society for Neuroscience,Neuroscience & Neurology,Middle to Senior-level,30000,January-August awards,"Submissions Open: Mar 23, 2026, 08:00 AM EDT; Submissions Close: May 7, 2026, 05:00 PM EDT",https://www.sfn.org/careers/awards/outstanding-career-and-research-achievements-awards/swartz-prize-for-theoretical-and-computational-neuroscience
125,American Society for Cell Biology Awards,American Society for Cell Biology,"Genetics, Cell & Molecular Biology",All stages,"$1,000 to $5,000 (no current unified amount listed on website; varies by specific award)",January-August awards,Nominations/Applications for all 2026 awards will be accepted between May 15 and June 15,https://www.ascb.org/grants-awards/
126,Marjory Stephenson Prize Lecture,Microbiology Society,Immunology & Microbiology,Senior-level,"1,000 pounds",January-August awards,TBD (deadline not specified on current prize page; contact society if you foresee problems meeting the advertised deadline),https://microbiologysociety.org/grants-prizes/all-prizes-and-competitions/prize-lectures/marjory-stephenson-prize-lecture.html
127,Sharona Gordon Award,Society of General Physiologists,Physiology & Biophysics,All stages,Unknown (no award amount listed on website),January-August awards,TBD (no nomination deadline listed on website),https://www.sgpweb.org/awards/sharona
128,VinFuture Grand Prize,VinFuture Foundation,Biomedical Research,All stages,3000000,January-August awards,TBD (nomination deadline for current cycle not stated on main nomination page; see official Call for Nominations linked there),https://vinfutureprize.org/vinfuture-prize-nomination/
129,VinFuture Special Prize: Innovator(s) from Developing Country(ies),VinFuture Foundation,Biomedical Research,All stages,500000,January-August awards,TBD (nomination deadline for current cycle not stated on main nomination page; see official Call for Nominations linked there),https://vinfutureprize.org/vinfuture-prize-nomination/
130,VinFuture Special Prize: Female Innovator(s),VinFuture Foundation,Biomedical Research,All stages,500000,January-August awards,TBD (nomination deadline for current cycle not stated on main nomination page; see official Call for Nominations linked there),https://vinfutureprize.org/vinfuture-prize-nomination/
131,VinFuture Special Prize: Innovators with Outstanding Achievement in Emerging Fields,VinFuture Foundation,"Science, Technology & Engineering (all fields impacting sustainable development)",All stages,500000,January-August awards,April 17 2026,https://vinfutureprize.org/vinfuture-prize-nomination/
132,BBVA Foundation Frontiers of Knowledge Awards,BBVA Foundation,"Multiple fields (including Biomedicine, Basic Sciences, Climate Change, etc.)",All stages,"400,000 euros",January-August awards,June 30 2026,https://www.frontiersofknowledgeawards-fbbva.es/conditions/
133,Science & SciLifeLab Prize for Young Scientists,Science/AAAS and SciLifeLab,Life Sciences,Early-career (recent PhD recipients),"Grand Prize Winner: $30,000; Category Winners: $10,000",January-August awards,TBD (deadline not yet posted for upcoming cycle),https://www.science.org/content/page/how-enter-science-scilifelab-prize-young-scientists
134,Hideyo Noguchi Africa Prize,Government of Japan,Medical Research and Medical Services for Diseases in Africa,Senior-level,100 million yen,January-August awards,TBD (deadline not yet posted for upcoming cycle),https://www.cao.go.jp/noguchisho/english/keii/gaiyo.html
135,"March of Dimes Richard B. Johnston, Jr., MD Prize",March of Dimes,"Prenatal Development, Pregnancy & Birth",Senior-level,"$150,000",January-August awards,October 2 2026,https://www.marchofdimes.org/our-work/research/grants-awards/march-of-dimes-richard-b-johnston-jr-md-prize
136,Adam Yarmolinsky Medal,National Academy of Medicine,Contributions to NAM mission from disciplines outside health and medical sciences,Senior-level (NAM members),Unknown (no current amount listed on website),January-August awards,2026-05-20 00:00:00 (deadline not yet posted for 2026 cycle on website),https://nam.edu/adam-yarmolinsky-medal/
137,David Rall Medal,National Academy of Medicine,Public Health & Policy (leadership in NAM studies),Senior-level (NAM members),Unknown (no current amount listed on website),January-August awards,2026-05-20 00:00:00 (deadline not yet posted for 2026 cycle on website),https://nam.edu/david-rall-medal/
138,Walsh McDermott Medal,National Academy of Medicine,Public Health & Policy (distinguished service to NAM and National Academies),Senior-level (NAM members),Unknown (no current amount listed on website),January-August awards,2026-05-20 00:00:00 (deadline not yet posted for 2026 cycle on website),https://nam.edu/walsh-mcdermott-medal/
139,IBRO Dargut and Milena Kemali International Prize for Research in the field of Basic and Clinical Neurosciences (IBRO-Kemali Prize),IBRO Dargut & Milena Kemali Foundation and International Brain Research Organization,Neuroscience & Neurology (Basic and Clinical Neurosciences),Junior investigator - under the age of 45,"25,000 Euros",January-August awards,TBD (deadline not yet posted for upcoming cycle),https://ibro.org/ibro-kemali-prize-awarded-to-dr-sergiu-p-pasca/
140,"H. Richard Winn, MD Prize",The Society of Neurological Surgeons,Neuroscience & Neurology (Neurological Surgery),Senior-level,cash prize (amount unknown) (no current amount listed on website),January-August awards,TBD (deadline not yet posted for upcoming cycle),https://www.societyns.org/about/h-richard-winn-md-prize
141,Ruth Leff Siegel Award for Excellence in Pancreatic Cancer Research,The Pancreas Center at Columbia University and The Herbert Irving Comprehensive Cancer Center,Cancer Research,Middle to Senior-level,"$50,000 (no current amount listed on website)",January-August awards,2024-08-01 00:00:00,https://columbiasurgery.org/news/ruth-leff-siegel-award-excellence-pancreatic-cancer-research-2024-call-nominations
142,Peter Seeburg Integrative Neuroscience Prize,Society for Neuroscience and Federation of European Neuroscience Societies,Neuroscience & Neurology,Middle to Senior-level,100000,January-August awards,TBD (deadline not yet posted for upcoming cycle),https://www.sfn.org/careers/awards/outstanding-career-and-research-achievements-awards/peter-seeburg-integrative-neuroscience-prize
143,Mika Salpeter Lifetime Achievement Award,Society for Neuroscience,Neuroscience & Neurology,Senior-level,10000,January-August awards,TBD (deadline not yet posted for upcoming cycle),https://www.sfn.org/initiatives/awards/mika-salpeter-award
144,Julius Axelrod Prize,Society for Neuroscience,Neuroscience & Neurology,Senior-level,25000,January-August awards,TBD (deadline not yet posted for upcoming cycle),https://www.sfn.org/careers/awards/outstanding-career-and-research-achievements-awards/julius-axelrod-prize
145,Eppendorf & Science Prize for Neurobiology,Eppendorf and Science,Neuroscience & Neurology,Early-career - not older than 35 years of age.,25000,January-August awards,2026-06-15 00:00:00,https://corporate.eppendorf.com/en/company/scientific-awards/global-award/
146,AACR Outstanding Investigator Award for Breast Cancer Research,American Association for Cancer Research,Cancer Research,Middle-career - less than 50 years of age.,Unknown (no current amount listed on website),January-August awards,2026-06-30 00:00:00,https://www.aacr.org/awards/aacr-outstanding-investigator-award-for-breast-cancer-research-supported-by-the-breast-cancer-research-foundation/
147,AACR Distinguished Lectureship in Breast Cancer Research,American Association for Cancer Research,Cancer Research,All stages,Unknown (no current amount listed on website),January-August awards,2026-06-30 00:00:00,https://www.aacr.org/awards/aacr-distinguished-lectureship-in-breast-cancer-research/
148,AACR Distinguished Lectureship on the Science of Cancer Health Disparities,American Association for Cancer Research,Cancer Research,All stages,5000,January-August awards,2026-06-30 00:00:00,https://www.aacr.org/awards/aacr-distinguished-lectureship-on-the-science-of-cancer-health-disparities/
149,World Laureates Association Prize,World Laureates Association,Biomedical Research,Senior-level,"¥10,000,000 CNY",January-August awards,TBD (deadline not yet posted for upcoming cycle),https://nomination.thewlaprize.org/nomination/portal
150,"Albert B. Craig, Jr. Award for Innovation in Behavioral Health",Staunton Farm Foundation,Neuroscience & Neurology,All stages,5000,January-August awards,TBD (deadline not yet posted for upcoming cycle),https://stauntonfarm.org/our-work/albert-b-craig-jr-award-form/
151,Lieber Prize for Outstanding Achievement in Schizophrenia Research,Brain & Behavior Research Foundation,Psychology & Psychiatry,Senior-level,50000,January-August awards,2026-04-29 00:00:00,https://bbrfoundation.org/grants-prizes/lieber-prize
152,Colvin Prize for Outstanding Achievement in Mood Disorders Research,Brain & Behavior Research Foundation,Psychology & Psychiatry,Senior-level,50000,January-August awards,2026-04-29 00:00:00,https://bbrfoundation.org/grants-prizes/prizes-awards/colvin-prize-outstanding-achievement-mood-disorders-research
153,Patricia Goldman-Rakic Prize for Outstanding Achievement in Cognitive Neuroscience,Brain & Behavior Research Foundation,Psychology & Psychiatry,Senior-level,40000,January-August awards,2025-04-30 00:00:00 (deadline not yet posted for 2026 cycle),https://bbrfoundation.org/grants-prizes/prizes-awards/goldman-rakic-prize-outstanding-achievement-cognitive-neuroscience
154,Maltz Prize for Innovative and Promising Schizophrenia Research,Brain & Behavior Research Foundation,Psychology & Psychiatry,Senior-level,40000,January-August awards,TBD (deadline not yet posted for upcoming cycle),https://bbrfoundation.org/grants-prizes/prizes-awards/maltz-prize-schizophrenia-research
155,Ruane Prize for Outstanding Achievement in Child and Adolescent Psychiatric Research,Brain & Behavior Research Foundation,Psychology & Psychiatry,Senior-level,50000,January-August awards,2026-04-29 00:00:00,https://bbrfoundation.org/grants-prizes/prizes-awards/ruane-prize-outstanding-achievement-child-and-adolescent-psychiatric-research
156,Prince Mahidol Award,Prince Mahidol Award Foundation,Biomedical Research,Senior-level,50000,January-August awards,2026-05-31 00:00:00,http://www.princemahidolaward.org/
157,AAAS NOMIS & Science Young Explorer Award,AAAS and NOMIS Foundation,Biomedical Research,Early-career ,"Grand Prize $15000, runner(s) up $5000",January-August awards,TBD (deadline not yet posted for 2026 cycle),https://www.science.org/content/page/how-enter-nomis-science-young-explorer-award
158,AAAS David and Betty Hamburg Award for Science Diplomacy ,AAAS,Public Health & Policy,All stages,10000,January-August awards,TBD (deadline not yet posted for upcoming cycle),https://www.aaas.org/awards/science-diplomacy/about
159,AAAS Award for Scientific Freedom and Responsibility,AAAS,Public Health & Policy,All stages,5000,January-August awards,TBD (deadline not yet posted for upcoming cycle),https://www.aaas.org/awards/scientific-freedom-and-responsibility/about
160,AAAS Early Career Award for Public Engagement with Science,AAAS,Public Health & Policy,Early-career (within seven years of terminal degree),5000,January-August awards,2025-06-30 00:00:00 (deadline not yet posted for 2026–27 cycle),https://www.aaas.org/awards/early-career-public-engagement/about
161,AAAS Kavli Science Journalism Awards,American Association for the Advancement of Science (AAAS),Public Health & Policy,All stages,"Each category two winners: Gold $5,000 Silver $3,500",January-August awards,"June 30, 2025 (deadline for current/most recent contest cycle; future deadline not yet posted for subsequent cycle)",https://sjawards.aaas.org/ (direct site not fetchable by bot; details confirmed via 2025 official contest rules and external announcements)
162,AAAS Mani L. Bhaumik Award for Public Engagement with Science,American Association for the Advancement of Science (AAAS),Public Health & Policy,All stages,"$5,000 honorarium",January-August awards,TBD (deadline not clearly listed for the upcoming cycle on publicly accessible pages; keep as TBD),https://www.aaas.org/award/bhaumik-award-for-public-engagement (AAAS site not directly fetchable by bot; information confirmed from secondary coverage of AAAS awards)
163,AAAS Mentor Awards,American Association for the Advancement of Science (AAAS),Public Health & Policy,Middle to Senior-level,"Two $5,000 awards",January-August awards,"June 30, 2025",https://www.aaas.org/awards/mentor/about (AAAS site itself is blocked to bot; deadline and award details verified from cached/search result content)
164,AAAS Newcomb Cleveland Prize,American Association for the Advancement of Science (AAAS),Public Health & Policy,All stages,"$25,000 honorarium",January-August awards,TBD (AAAS page not directly accessible to bot; most recent specific deadline not clearly available in secondary sources),"https://www.aaas.org/awards/newcomb-cleveland-prize/about (AAAS site not directly fetchable by bot; amount confirmed from external references indicating $25,000 prize)"
165,AAAS Philip Hauge Abelson Prize,American Association for the Advancement of Science (AAAS),Public Health & Policy,Middle to Senior-level,"$5,000 honorarium",January-August awards,TBD (AAAS page not directly accessible to bot; current or next deadline not clearly stated in secondary sources),https://www.aaas.org/awards/philip-hauge-abelson/about (AAAS site not directly fetchable by bot; honorarium amount confirmed from external references)
166,AAAS/Subaru SB&F Prize for Excellence in Science Books,"American Association for the Advancement of Science (AAAS) and Subaru of America, Inc.",Public Health & Policy,All stages,"$1,500 (no different current amount listed on publicly accessible prize materials; amount retained)",January-August awards,TBD (recent press materials do not clearly state the submission/nomination deadline for the next cycle),https://www.aaas.org/awards/aaas-subaru-sbf-prize-excellence-science-books/about (primary AAAS page not directly fetchable by bot; prize confirmed as ongoing via dedicated prize site)
167,John P. McGovern Award Lecture in the Behavioral Sciences,American Association for the Advancement of Science (AAAS),Biomedical Research,All stages,"$5,000 honorarium (no updated different amount readily visible in secondary sources; amount retained)",January-August awards,TBD (AAAS award page blocked to bot; current deadline not clearly available in secondary sources),https://www.aaas.org/awards/john-mcgovern-lecture (AAAS site not directly fetchable by bot)
168,ICIS–Pfizer Award for Excellence in Interferon and Cytokine Research (formerly the Seymour & Vivian Milstein Award),International Cytokine & Interferon Society (ICIS),Immunology & Microbiology,Senior-level,"$10,000 prize",January-August awards,Senior-career award nominations currently closed; next deadline not yet posted for upcoming cycle (most recent ICIS awards page lists senior-career nominations as closed and only provides specific dates for young investigator and travel awards),https://cytokinesociety.org/icis-pfizer-award/ (award details and amount confirmed via ICIS awards overview page and specific award page)
169,ICIS–BioLegend William E. Paul Award for Excellence in Cytokine Research,International Cytokine & Interferon Society (ICIS),Immunology & Microbiology,Middle to Senior-level (lifetime contributions to cytokine research),"$5,000 prize",January-August awards,Senior-career award nominations currently closed; next deadline not yet posted for upcoming cycle (per ICIS awards overview page),https://cytokinesociety.org/icis-biolegend-william-e-paul-award/ (details confirmed via ICIS awards pages)
170,ICIS–Luminex John R. Kettman Mid-Career Award for Excellence in Interferon & Cytokine Research,International Cytokine & Interferon Society (ICIS),Immunology & Microbiology,Mid-career – within 15 years of terminal degree; independent PI (exceptions considered for special circumstances),"$5,000 prize",January-August awards,Senior- and mid-career award nominations currently closed; next deadline not yet posted for upcoming cycle (per ICIS awards overview page),https://cytokinesociety.org/luminex-award/ (details confirmed via ICIS awards pages)
171,ICIS Mentorship Award,International Cytokine & Interferon Society (ICIS),Immunology & Microbiology,All stages (ICIS members with significant and sustained record of mentoring),Up to 1500 (travel costs to attend ICIS Annual Meeting; no separate cash honorarium specified on website),January-August awards,TBD (deadline not yet posted for upcoming cycle),https://cytokinesociety.org/icis-mentorship-award/
172,ICIS Honorary Lifetime Membership Award,International Cytokine & Interferon Society (ICIS),Immunology & Microbiology,Senior-level (individuals with substantive contributions to interferon/cytokine research and to ICIS),none (no monetary component stated on website),January-August awards,TBD (deadline not yet posted for upcoming cycle),https://cytokinesociety.org/about-us/honorary-members/ (no current amount or nomination deadline listed on website)
173,ICIS Howard A. Young Distinguished Service Award,International Cytokine & Interferon Society (ICIS),Immunology & Microbiology,All stages (ICIS members with extraordinary service to the Society),none (no monetary component stated on website),January-August awards,2026-03-13 00:00:00,https://cytokinesociety.org/distinguished-service-award/
174,Albert Einstein World Award of Science,World Cultural Council,Biomedical Research (and other areas of scientific and technological research and development),Senior-level,10000,January-August awards,2026-03-01 00:00:00,https://www.consejoculturalmundial.org/world-award-of-science/
175,"Henry Grass, MD Rising Stars in Neuroscience Award",The Grass Foundation,Neuroscience & Neurology,Early-career – researchers not yet in a tenure-track position (key career transition stage),10000,January-August awards,2026-04-01 00:00:00 (next-cycle deadline not yet posted on website; current page still lists 2026 cycle information),https://grassfoundation.org/henry-grass-md-rising-stars-in-neuroscience-award/
176,"Louis W. Sullivan, MD, Award",Association of American Medical Colleges (AAMC),Public Health & Policy (advancing health equity and workforce diversity),Middle to Senior-level,10000 (no specific amount stated on current AAMC website; amount retained from prior data – no current amount listed on website),January-August awards,2026-04-03 00:00:00,https://www.aamc.org/about-us/aamc-awards/sullivan
177,National Medal of Science,U.S. National Science Foundation (on behalf of the President of the United States),"Biomedical Research (and other physical, biological, mathematical, engineering, social and behavioral sciences)",Senior-level,Gold Medal,January-August awards,TBD (NSF site indicates nomination windows vary by call; next nomination period not yet posted),https://beta.nsf.gov/od/honorary-awards/national-medal-of-science
178,Inspiring Women in Science - Science Outreach Category,Nature Awards and The Estée Lauder Companies,Biomedical Research and broader STEM (science outreach to support girls and women in STEM),All stages (individuals or teams working on outreach for girls and women in STEM),50000,January-August awards,TBD (most recent calls use spring deadlines; deadline not yet posted for upcoming cycle),https://www.nature.com/immersive/inspiringwomeninscience/about/index.html
179,Inspiring Women in Science - Scientific Achievement Category,Nature Awards and The Estée Lauder Companies,Biomedical Research and broader STEM,Early-career women scientists,50000,January-August awards,TBD (most recent calls use spring deadlines; deadline not yet posted for upcoming cycle),https://www.nature.com/immersive/inspiringwomeninscience/about/index.html
180,ASCI Postbac Program,The American Society for Clinical Investigation,Medical Education / Physician-scientist career development,Postbaccalaureate (pre‑MD/MD‑PhD) aspiring physician-scientists,none (program participation only; no stipend or monetary award stated on website),January-August awards,TBD (application timeline not yet posted for upcoming cycle),https://beta.the-asci.org/the-asci-post-bac-program/
181,ETH Materials Research Prize for Young Investigators,"ETH Zurich, Department of Materials",Materials science and engineering,Assistant professor / equivalent independent young investigator,"CHF 10,000",January-August awards,TBD (deadline for next prize will be published; deadline not yet posted for upcoming cycle),https://mat.ethz.ch/materials-research-prize-for-young-investigators.html
182,Early Career Women Faculty Leadership Development Seminar,Association of American Medical Colleges (AAMC),Medical education and academic leadership,Early-career women faculty (assistant professors and select instructors),none (no award funding; fee-based leadership development seminar),January-August awards,"TBD (current seminar dates listed, but application/nomination deadline not clearly stated; deadline not yet posted for upcoming cycle)",https://web.cvent.com/event/96171410-2e98-4bf5-9b4d-173159a41276/summary?Refid=AO&utm_campaign=EWIMS-724&utm_content=AN1&utm_medium=Email&utm_source=Cvent
183,Prix Galien USA,The Galien Foundation,"Life sciences, pharmaceuticals, biotechnology, medical technology, and digital health",All stages (industry and academic innovators),none (no monetary prize specified on website),January-August awards,TBD (nomination deadline not clearly stated on website for upcoming USA cycle; deadline not yet posted for upcoming cycle),https://www.galienfoundation.org/prix-galien-usa
184,AACN-Gold Interprofessional Humanism in Healthcare Award,The Arnold P. Gold Foundation and the American Association of Colleges of Nursing (AACN),Humanism in healthcare / interprofessional practice,All stages (nurse–physician pairs or teams),none (no monetary component described on website),January-August awards,"TBD (eligibility and nomination information provided via AACN/Gold Foundation communications, but no standard annual deadline posted; deadline not yet posted for upcoming cycle)",https://www.gold-foundation.org/programs/aacn-gold-interprofessional-humanism-in-healthcare-award/
185,The Harvey Prize,Technion – Israel Institute of Technology,"Science, technology, human health, and contributions to peace in the Middle East",All stages (senior international scientists and leaders),"US $75,000",January-August awards,TBD (current call and deadline for next Harvey Prize cycle not posted; deadline not yet posted for upcoming cycle),https://harveypz.net.technion.ac.il/conditions-of-the-prize/
186,SfN Tianqiao and Chrissy Chen Young Investigator Award,"Society for Neuroscience (SfN), endowed by Tianqiao and Chrissy Chen Institute",Neuroscience,"Early-career neuroscientists (within 10 years of their PhD or MD at the time of nomination, excluding career breaks)","$25,000",January-August awards,TBD (SfN lists nomination window annually but no upcoming deadline currently posted; deadline not yet posted for upcoming cycle),https://www.sfn.org/careers/awards/early-career/young-investigator-award
187,Bower Award and Prize for Achievement in Science,The Franklin Institute,Science (specific field varies annually by theme; includes biomedical and related sciences),Senior level scientists,"$250,000",January-August awards,"TBD (past cycles list specific deadlines, but the next nomination deadline is not yet posted; deadline not yet posted for upcoming cycle)",https://fi.edu/en/awards/nominations/bower-award-prize-achievement-science
188,American Medical Association Research Challenge,American Medical Association,Biomedical research and medical education research,"Medical students, residents, and fellows (early-career trainees)","$10,000 (top prize)",January-August awards,2026-07-16 00:00:00,https://www.ama-assn.org/member-benefits/events/ama-research-challenge
189,Vilcek Prizes for Creative Promise in Biomedical Science,The Vilcek Foundation,Biomedical science,Early-career (immigrant biomedical scientists),"$50,000",January-August awards,2026-05-04 00:00:00,https://vilcek.org/prizes/vilcek-prizes-for-creative-promise/creative-promise-prizes-biomedical-science/
190,Building the Foundation Award,Research!America,Public health and health research advocacy,All stages,Unknown (no amount listed on website; no current amount listed on website),January-August awards,TBD (Research!America site describes award but does not list a standard nomination deadline; deadline not yet posted for upcoming cycle),https://www.researchamerica.org/advocacy-awards/award-categories-benefactors/
191,Meeting the Moment for Public Health Award,Research!America,Public Health & Policy,All stages,Unknown (no current amount listed on website),January-August awards,TBD (deadline not yet posted for upcoming cycle; nominations for the 2027 Advocacy Awards will open in June 2026),https://www.researchamerica.org/advocacy-awards/award-categories-benefactors/
192,Rapid Translation Award,Research!America,Public Health & Policy,All stages,Unknown (no current amount listed on website),January-August awards,TBD (deadline not yet posted for upcoming cycle; nominations for the 2027 Advocacy Awards will open in June 2026),https://www.researchamerica.org/advocacy-awards/award-categories-benefactors/
193,Outstanding Achievement in Public Health Award,Research!America,Public Health & Policy,All stages,Unknown (no current amount listed on website),January-August awards,TBD (deadline not yet posted for upcoming cycle; nominations for the 2027 Advocacy Awards will open in June 2026),https://www.researchamerica.org/advocacy-awards/award-categories-benefactors/
194,Builders of Science Award,Research!America,Research Advocacy,Senior level,Unknown (no current amount listed on website),January-August awards,TBD (deadline not yet posted for upcoming cycle; nominations for the 2027 Advocacy Awards will open in June 2026),https://www.researchamerica.org/advocacy-awards/award-categories-benefactors/
195,Herbert Pardes Family Award for National Leadership in Advocacy for Research,Research!America,Research Advocacy,Senior level,Unknown (no current amount listed on website),January-August awards,TBD (deadline not yet posted for upcoming cycle; nominations for the 2027 Advocacy Awards will open in June 2026),https://www.researchamerica.org/advocacy-awards/award-categories-benefactors/
196,Paul G. Rogers Distinguished Organization Advocacy Award,Research!America,Research Advocacy,Senior level,Unknown (no current amount listed on website),January-August awards,TBD (deadline not yet posted for upcoming cycle; nominations for the 2027 Advocacy Awards will open in June 2026),https://www.researchamerica.org/advocacy-awards/award-categories-benefactors/
197,Isadore Rosenfeld Award for Impact on Public Opinion,Research!America,Research Advocacy,All stages,Unknown (no current amount listed on website),January-August awards,TBD (deadline not yet posted for upcoming cycle; nominations for the 2027 Advocacy Awards will open in June 2026),https://www.researchamerica.org/advocacy-awards/award-categories-benefactors/
198,Gordon and Llura Gund Leadership Award,Research!America,Research Advocacy,All stages,Unknown (no current amount listed on website),January-August awards,TBD (deadline not yet posted for upcoming cycle; nominations for the 2027 Advocacy Awards will open in June 2026),https://www.researchamerica.org/advocacy-awards/award-categories-benefactors/
199,Japan Prize,The Japan Prize Foundation,Multiple disciplines,Senior level,100 million yen + medal,January-August awards,2027-01-31 00:00:00 (deadline is typically the end of January following the announcement of fields; exact 2027 date not yet posted for the next cycle),https://www.japanprize.jp/en/index.html