t,n,people
aging_geroscience,488,308
anesthesiology,130,118
autoimmune_rheumatologic_disease,108,106
basic_neuroscience,479,216
biochemistry_biophysics,489,238
bioethics_medical_humanities,280,223
biomedical_engineering,229,165
biomedical_informatics,646,349
biostatistics_quantitative_sciences,831,426
breast_cancer,366,172
cancer_biology_general,667,347
cardiovascular_disease,1212,428
cell_molecular_biology,1590,592
clinical_neurology,827,342
dermatology_skin_disease,165,79
developmental_biology,169,150
digital_health_telemedicine,343,294
drug_discovery_pharmacology,754,464
emergency_critical_care_medicine,501,344
environmental_planetary_health,94,90
epidemiology_population_health,1906,674
gastroenterology_hepatology,638,355
gene_cell_therapy,142,149
genetics_genomics_precision_medicine,903,517
gi_cancer,213,185
global_public_health,774,313
gynecologic_oncology,103,73
health_economics,352,196
health_equity_social_determinants,987,488
health_services_policy,1540,621
hematology,494,296
immunology_inflammation,892,482
infectious_disease_immunology,1152,568
lung_cancer,115,97
maternal_child_health,377,203
medical_education_workforce,587,400
melanoma_skin_cancer,73,53
mental_health_psychiatry,596,319
metabolic_endocrine_disease,601,356
microbiome_research,132,119
musculoskeletal_orthopedic_medicine,323,137
nephrology_renal_disease,251,171
neuro_oncology,111,87
neurodegenerative_disease,267,183
nutrition_metabolism,225,204
ophthalmology_vision_science,173,71
otolaryngology_head_neck,262,126
pain_medicine,232,138
palliative_end_of_life_care,198,100
pathology_laboratory_medicine,734,478
pediatrics_neonatology,655,384
primary_care_general_medicine,260,168
prostate_urologic_cancer,276,114
pulmonary_critical_care,339,292
radiology_medical_imaging,998,471
rehabilitation_disability_medicine,176,115
research_infrastructure_workforce,217,194
single_cell_spatial_biology,240,253
sleep_medicine_circadian_biology,65,76
stem_cell_regenerative_medicine,268,206
substance_use_addiction_medicine,277,118
surgery_perioperative_medicine,1396,482
systems_biology,298,263
translational_clinical_science,1277,690
transplantation_medicine,212,148
urology_mens_health,371,154
womens_health_reproductive_medicine,599,390
