t,d,n,people
aging_geroscience,N1140,12,7
aging_geroscience,N1160,4,5
aging_geroscience,N1240,55,7
aging_geroscience,N1280,251,88
aging_geroscience,N1300,24,16
aging_geroscience,N1320,5,4
aging_geroscience,N1340,5,5
aging_geroscience,N1360,2,2
aging_geroscience,N1400,4,3
aging_geroscience,N1420,15,14
aging_geroscience,N1440,3,4
aging_geroscience,N1480,71,36
aging_geroscience,N1500,47,17
aging_geroscience,N1520,55,38
aging_geroscience,N1530,1,1
aging_geroscience,N1540,1,1
aging_geroscience,N1560,13,15
aging_geroscience,N1580,4,3
aging_geroscience,N1710,1,1
aging_geroscience,N1720,1,1
aging_geroscience,N1730,3,2
aging_geroscience,N1740,12,10
aging_geroscience,N1750,8,5
aging_geroscience,N1760,23,22
aging_geroscience,N1932,2,1
anesthesiology,N1140,101,52
anesthesiology,N1160,14,13
anesthesiology,N1220,3,1
anesthesiology,N1240,1,2
anesthesiology,N1280,9,9
anesthesiology,N1320,6,7
anesthesiology,N1340,5,3
anesthesiology,N1400,1,1
anesthesiology,N1420,2,4
anesthesiology,N1440,2,2
anesthesiology,N1480,2,3
anesthesiology,N1500,1,1
anesthesiology,N1520,3,6
anesthesiology,N1540,1,1
anesthesiology,N1560,6,6
anesthesiology,N1580,2,4
anesthesiology,N1760,1,2
anesthesiology,N1932,1,1
autoimmune_rheumatologic_disease,N1220,2,3
autoimmune_rheumatologic_disease,N1280,48,45
autoimmune_rheumatologic_disease,N1300,17,6
autoimmune_rheumatologic_disease,N1320,1,1
autoimmune_rheumatologic_disease,N1340,2,2
autoimmune_rheumatologic_disease,N1360,3,3
autoimmune_rheumatologic_disease,N1420,11,6
autoimmune_rheumatologic_disease,N1440,13,9
autoimmune_rheumatologic_disease,N1480,5,4
autoimmune_rheumatologic_disease,N1500,1,1
autoimmune_rheumatologic_disease,N1520,8,9
autoimmune_rheumatologic_disease,N1530,5,2
autoimmune_rheumatologic_disease,N1540,1,1
autoimmune_rheumatologic_disease,N1560,2,6
autoimmune_rheumatologic_disease,N1700,1,1
autoimmune_rheumatologic_disease,N1720,1,1
autoimmune_rheumatologic_disease,N1730,1,1
autoimmune_rheumatologic_disease,N1740,2,2
autoimmune_rheumatologic_disease,N1760,3,2
autoimmune_rheumatologic_disease,N1932,1,1
basic_neuroscience,N1140,39,11
basic_neuroscience,N1280,38,22
basic_neuroscience,N1300,19,12
basic_neuroscience,N1320,31,11
basic_neuroscience,N1340,3,2
basic_neuroscience,N1360,1,1
basic_neuroscience,N1420,8,6
basic_neuroscience,N1440,22,9
basic_neuroscience,N1480,6,4
basic_neuroscience,N1500,76,26
basic_neuroscience,N1520,102,31
basic_neuroscience,N1530,2,3
basic_neuroscience,N1540,1,1
basic_neuroscience,N1560,5,5
basic_neuroscience,N1580,3,1
basic_neuroscience,N1700,48,11
basic_neuroscience,N1710,5,3
basic_neuroscience,N1720,10,1
basic_neuroscience,N1730,2,1
basic_neuroscience,N1740,15,9
basic_neuroscience,N1750,17,7
basic_neuroscience,N1760,144,39
biochemistry_biophysics,N1140,56,8
biochemistry_biophysics,N1160,3,4
biochemistry_biophysics,N1220,4,1
biochemistry_biophysics,N1280,71,46
biochemistry_biophysics,N1300,2,1
biochemistry_biophysics,N1320,2,2
biochemistry_biophysics,N1340,7,8
biochemistry_biophysics,N1360,3,2
biochemistry_biophysics,N1420,37,26
biochemistry_biophysics,N1440,18,11
biochemistry_biophysics,N1480,7,7
biochemistry_biophysics,N1500,3,2
biochemistry_biophysics,N1520,7,4
biochemistry_biophysics,N1530,9,5
biochemistry_biophysics,N1560,6,4
biochemistry_biophysics,N1580,1,1
biochemistry_biophysics,N1700,115,18
biochemistry_biophysics,N1710,6,1
biochemistry_biophysics,N1720,7,3
biochemistry_biophysics,N1730,72,22
biochemistry_biophysics,N1740,53,17
biochemistry_biophysics,N1750,81,22
biochemistry_biophysics,N1760,35,23
bioethics_medical_humanities,N1140,11,14
bioethics_medical_humanities,N1160,4,6
bioethics_medical_humanities,N1240,16,9
bioethics_medical_humanities,N1280,138,67
bioethics_medical_humanities,N1300,6,3
bioethics_medical_humanities,N1320,2,2
bioethics_medical_humanities,N1340,9,9
bioethics_medical_humanities,N1360,1,1
bioethics_medical_humanities,N1400,7,2
bioethics_medical_humanities,N1420,1,2
bioethics_medical_humanities,N1440,18,11
bioethics_medical_humanities,N1480,30,17
bioethics_medical_humanities,N1500,19,27
bioethics_medical_humanities,N1520,47,29
bioethics_medical_humanities,N1560,8,9
bioethics_medical_humanities,N1580,4,8
bioethics_medical_humanities,N1720,1,1
bioethics_medical_humanities,N1740,3,2
bioethics_medical_humanities,N1760,3,1
bioethics_medical_humanities,N1932,2,3
biomedical_engineering,N1140,7,11
biomedical_engineering,N1160,6,8
biomedical_engineering,N1280,49,37
biomedical_engineering,N1300,4,3
biomedical_engineering,N1320,29,12
biomedical_engineering,N1340,2,2
biomedical_engineering,N1360,2,5
biomedical_engineering,N1400,13,5
biomedical_engineering,N1420,2,4
biomedical_engineering,N1440,4,6
biomedical_engineering,N1480,13,5
biomedical_engineering,N1500,10,4
biomedical_engineering,N1520,50,23
biomedical_engineering,N1540,2,2
biomedical_engineering,N1560,47,18
biomedical_engineering,N1580,2,2
biomedical_engineering,N1700,1,1
biomedical_engineering,N1710,1,1
biomedical_engineering,N1730,2,3
biomedical_engineering,N1740,6,6
biomedical_engineering,N1750,8,3
biomedical_engineering,N1760,5,4
biomedical_informatics,N1140,9,13
biomedical_informatics,N1160,4,5
biomedical_informatics,N1220,1,1
biomedical_informatics,N1240,12,10
biomedical_informatics,N1280,122,80
biomedical_informatics,N1300,13,10
biomedical_informatics,N1320,7,8
biomedical_informatics,N1340,24,14
biomedical_informatics,N1360,11,9
biomedical_informatics,N1400,27,3
biomedical_informatics,N1420,53,34
biomedical_informatics,N1440,26,15
biomedical_informatics,N1480,280,35
biomedical_informatics,N1500,34,18
biomedical_informatics,N1520,109,39
biomedical_informatics,N1530,1,1
biomedical_informatics,N1560,10,11
biomedical_informatics,N1580,8,8
biomedical_informatics,N1700,1,1
biomedical_informatics,N1710,1,1
biomedical_informatics,N1720,3,3
biomedical_informatics,N1730,5,5
biomedical_informatics,N1740,78,13
biomedical_informatics,N1750,1,1
biomedical_informatics,N1760,11,5
biomedical_informatics,N1932,9,6
biostatistics_quantitative_sciences,N1140,28,19
biostatistics_quantitative_sciences,N1160,58,12
biostatistics_quantitative_sciences,N1240,14,10
biostatistics_quantitative_sciences,N1280,228,130
biostatistics_quantitative_sciences,N1300,41,17
biostatistics_quantitative_sciences,N1320,22,10
biostatistics_quantitative_sciences,N1340,27,18
biostatistics_quantitative_sciences,N1360,2,5
biostatistics_quantitative_sciences,N1400,4,3
biostatistics_quantitative_sciences,N1420,19,16
biostatistics_quantitative_sciences,N1440,15,10
biostatistics_quantitative_sciences,N1480,355,54
biostatistics_quantitative_sciences,N1500,26,20
biostatistics_quantitative_sciences,N1520,47,35
biostatistics_quantitative_sciences,N1530,5,4
biostatistics_quantitative_sciences,N1540,1,2
biostatistics_quantitative_sciences,N1560,24,20
biostatistics_quantitative_sciences,N1580,24,11
biostatistics_quantitative_sciences,N1700,3,2
biostatistics_quantitative_sciences,N1720,5,4
biostatistics_quantitative_sciences,N1730,1,1
biostatistics_quantitative_sciences,N1740,25,12
biostatistics_quantitative_sciences,N1750,2,3
biostatistics_quantitative_sciences,N1760,7,4
biostatistics_quantitative_sciences,N1932,10,4
breast_cancer,N1140,2,3
breast_cancer,N1160,6,2
breast_cancer,N1280,95,31
breast_cancer,N1300,3,1
breast_cancer,N1320,4,2
breast_cancer,N1340,13,9
breast_cancer,N1420,46,22
breast_cancer,N1480,108,15
breast_cancer,N1520,63,33
breast_cancer,N1530,20,9
breast_cancer,N1540,1,1
breast_cancer,N1560,77,14
breast_cancer,N1580,1,1
breast_cancer,N1700,2,1
breast_cancer,N1720,6,4
breast_cancer,N1730,4,4
breast_cancer,N1740,20,11
breast_cancer,N1750,6,9
cancer_biology_general,N1140,4,2
cancer_biology_general,N1160,30,10
cancer_biology_general,N1220,9,6
cancer_biology_general,N1280,264,105
cancer_biology_general,N1300,10,5
cancer_biology_general,N1320,11,7
cancer_biology_general,N1340,18,10
cancer_biology_general,N1360,1,1
cancer_biology_general,N1400,6,4
cancer_biology_general,N1420,234,60
cancer_biology_general,N1440,24,13
cancer_biology_general,N1480,49,13
cancer_biology_general,N1520,12,11
cancer_biology_general,N1530,31,9
cancer_biology_general,N1560,31,22
cancer_biology_general,N1580,16,4
cancer_biology_general,N1700,14,5
cancer_biology_general,N1710,10,2
cancer_biology_general,N1720,7,3
cancer_biology_general,N1730,27,9
cancer_biology_general,N1740,153,17
cancer_biology_general,N1750,85,23
cancer_biology_general,N1760,6,5
cancer_biology_general,N1932,1,1
cardiovascular_disease,N1140,63,28
cardiovascular_disease,N1160,262,13
cardiovascular_disease,N1220,1,1
cardiovascular_disease,N1240,28,13
cardiovascular_disease,N1280,625,164
cardiovascular_disease,N1300,79,18
cardiovascular_disease,N1320,6,5
cardiovascular_disease,N1340,9,11
cardiovascular_disease,N1360,3,3
cardiovascular_disease,N1400,3,4
cardiovascular_disease,N1420,22,15
cardiovascular_disease,N1440,37,18
cardiovascular_disease,N1480,172,32
cardiovascular_disease,N1520,46,40
cardiovascular_disease,N1560,46,16
cardiovascular_disease,N1700,5,4
cardiovascular_disease,N1710,5,2
cardiovascular_disease,N1720,24,5
cardiovascular_disease,N1730,7,3
cardiovascular_disease,N1740,12,11
cardiovascular_disease,N1750,2,3
cardiovascular_disease,N1760,27,16
cardiovascular_disease,N1932,16,3
cell_molecular_biology,N1140,61,13
cell_molecular_biology,N1160,26,8
cell_molecular_biology,N1220,23,6
cell_molecular_biology,N1240,1,1
cell_molecular_biology,N1280,508,163
cell_molecular_biology,N1300,14,8
cell_molecular_biology,N1320,20,14
cell_molecular_biology,N1340,47,19
cell_molecular_biology,N1360,6,5
cell_molecular_biology,N1400,6,5
cell_molecular_biology,N1420,253,65
cell_molecular_biology,N1440,89,39
cell_molecular_biology,N1480,52,16
cell_molecular_biology,N1500,29,11
cell_molecular_biology,N1520,18,19
cell_molecular_biology,N1530,31,8
cell_molecular_biology,N1540,1,1
cell_molecular_biology,N1560,62,20
cell_molecular_biology,N1580,12,5
cell_molecular_biology,N1700,161,20
cell_molecular_biology,N1710,37,7
cell_molecular_biology,N1720,47,13
cell_molecular_biology,N1730,145,23
cell_molecular_biology,N1740,218,26
cell_molecular_biology,N1750,175,32
cell_molecular_biology,N1760,168,44
cell_molecular_biology,N1932,1,1
clinical_neurology,N1140,26,15
clinical_neurology,N1240,13,4
clinical_neurology,N1280,139,57
clinical_neurology,N1300,288,56
clinical_neurology,N1320,179,25
clinical_neurology,N1340,3,3
clinical_neurology,N1360,15,6
clinical_neurology,N1400,6,5
clinical_neurology,N1420,15,7
clinical_neurology,N1440,58,20
clinical_neurology,N1480,70,20
clinical_neurology,N1500,29,22
clinical_neurology,N1520,146,52
clinical_neurology,N1530,5,6
clinical_neurology,N1540,6,3
clinical_neurology,N1560,33,13
clinical_neurology,N1700,3,2
clinical_neurology,N1710,1,1
clinical_neurology,N1720,7,8
clinical_neurology,N1730,2,1
clinical_neurology,N1740,1,1
clinical_neurology,N1760,65,14
clinical_neurology,N1932,1,1
dermatology_skin_disease,N1140,1,1
dermatology_skin_disease,N1220,89,12
dermatology_skin_disease,N1240,1,1
dermatology_skin_disease,N1280,20,18
dermatology_skin_disease,N1340,2,2
dermatology_skin_disease,N1360,2,2
dermatology_skin_disease,N1400,7,7
dermatology_skin_disease,N1420,35,11
dermatology_skin_disease,N1440,1,1
dermatology_skin_disease,N1480,6,4
dermatology_skin_disease,N1530,2,4
dermatology_skin_disease,N1560,12,5
dermatology_skin_disease,N1700,1,1
dermatology_skin_disease,N1720,1,1
dermatology_skin_disease,N1740,3,3
dermatology_skin_disease,N1750,8,6
developmental_biology,N1140,2,2
developmental_biology,N1160,2,3
developmental_biology,N1220,2,2
developmental_biology,N1280,59,35
developmental_biology,N1300,3,1
developmental_biology,N1320,4,5
developmental_biology,N1340,16,10
developmental_biology,N1360,1,1
developmental_biology,N1420,25,23
developmental_biology,N1440,8,5
developmental_biology,N1480,3,2
developmental_biology,N1500,3,3
developmental_biology,N1520,3,3
developmental_biology,N1530,1,1
developmental_biology,N1560,21,6
developmental_biology,N1580,1,1
developmental_biology,N1700,12,6
developmental_biology,N1710,15,5
developmental_biology,N1720,1,3
developmental_biology,N1730,9,4
developmental_biology,N1740,24,11
developmental_biology,N1750,6,4
developmental_biology,N1760,24,14
digital_health_telemedicine,N1140,11,9
digital_health_telemedicine,N1160,1,1
digital_health_telemedicine,N1220,1,1
digital_health_telemedicine,N1240,30,20
digital_health_telemedicine,N1280,139,91
digital_health_telemedicine,N1300,6,5
digital_health_telemedicine,N1320,13,8
digital_health_telemedicine,N1340,25,16
digital_health_telemedicine,N1360,5,6
digital_health_telemedicine,N1400,14,4
digital_health_telemedicine,N1420,2,6
digital_health_telemedicine,N1440,14,13
digital_health_telemedicine,N1480,91,30
digital_health_telemedicine,N1500,46,46
digital_health_telemedicine,N1520,16,22
digital_health_telemedicine,N1540,4,3
digital_health_telemedicine,N1560,9,9
digital_health_telemedicine,N1580,1,1
digital_health_telemedicine,N1740,5,2
digital_health_telemedicine,N1932,2,1
drug_discovery_pharmacology,N1140,16,8
drug_discovery_pharmacology,N1160,16,5
drug_discovery_pharmacology,N1220,15,8
drug_discovery_pharmacology,N1280,322,150
drug_discovery_pharmacology,N1300,14,12
drug_discovery_pharmacology,N1320,12,11
drug_discovery_pharmacology,N1340,6,9
drug_discovery_pharmacology,N1360,9,9
drug_discovery_pharmacology,N1400,4,2
drug_discovery_pharmacology,N1420,101,48
drug_discovery_pharmacology,N1440,37,20
drug_discovery_pharmacology,N1480,36,16
drug_discovery_pharmacology,N1500,16,12
drug_discovery_pharmacology,N1520,20,10
drug_discovery_pharmacology,N1530,13,7
drug_discovery_pharmacology,N1540,1,1
drug_discovery_pharmacology,N1560,27,21
drug_discovery_pharmacology,N1580,4,2
drug_discovery_pharmacology,N1700,36,11
drug_discovery_pharmacology,N1710,1,1
drug_discovery_pharmacology,N1720,23,10
drug_discovery_pharmacology,N1730,67,18
drug_discovery_pharmacology,N1740,71,20
drug_discovery_pharmacology,N1750,89,30
drug_discovery_pharmacology,N1760,30,23
emergency_critical_care_medicine,N1140,62,24
emergency_critical_care_medicine,N1160,18,10
emergency_critical_care_medicine,N1240,144,35
emergency_critical_care_medicine,N1280,122,107
emergency_critical_care_medicine,N1300,54,26
emergency_critical_care_medicine,N1320,18,6
emergency_critical_care_medicine,N1340,1,1
emergency_critical_care_medicine,N1400,6,8
emergency_critical_care_medicine,N1420,20,10
emergency_critical_care_medicine,N1440,60,30
emergency_critical_care_medicine,N1480,56,26
emergency_critical_care_medicine,N1500,6,7
emergency_critical_care_medicine,N1520,18,18
emergency_critical_care_medicine,N1560,33,20
emergency_critical_care_medicine,N1700,4,1
emergency_critical_care_medicine,N1720,5,4
emergency_critical_care_medicine,N1740,4,2
emergency_critical_care_medicine,N1760,9,6
emergency_critical_care_medicine,N1932,4,3
environmental_planetary_health,N1160,1,2
environmental_planetary_health,N1220,3,2
environmental_planetary_health,N1240,14,3
environmental_planetary_health,N1280,36,25
environmental_planetary_health,N1340,3,2
environmental_planetary_health,N1400,3,4
environmental_planetary_health,N1420,5,5
environmental_planetary_health,N1440,5,5
environmental_planetary_health,N1480,16,19
environmental_planetary_health,N1500,2,2
environmental_planetary_health,N1560,3,4
environmental_planetary_health,N1580,4,2
environmental_planetary_health,N1700,1,1
environmental_planetary_health,N1720,3,4
environmental_planetary_health,N1730,1,1
environmental_planetary_health,N1740,9,4
environmental_planetary_health,N1750,2,3
environmental_planetary_health,N1932,4,2
epidemiology_population_health,N1140,81,30
epidemiology_population_health,N1160,52,13
epidemiology_population_health,N1220,9,5
epidemiology_population_health,N1240,81,16
epidemiology_population_health,N1280,729,217
epidemiology_population_health,N1300,120,29
epidemiology_population_health,N1320,23,13
epidemiology_population_health,N1340,83,34
epidemiology_population_health,N1360,18,14
epidemiology_population_health,N1400,16,15
epidemiology_population_health,N1420,38,21
epidemiology_population_health,N1440,83,50
epidemiology_population_health,N1480,614,55
epidemiology_population_health,N1500,45,33
epidemiology_population_health,N1520,62,40
epidemiology_population_health,N1530,3,4
epidemiology_population_health,N1540,5,4
epidemiology_population_health,N1560,83,43
epidemiology_population_health,N1580,54,15
epidemiology_population_health,N1700,1,1
epidemiology_population_health,N1720,28,6
epidemiology_population_health,N1730,8,3
epidemiology_population_health,N1740,20,8
epidemiology_population_health,N1760,20,2
epidemiology_population_health,N1932,8,3
gastroenterology_hepatology,N1140,7,6
gastroenterology_hepatology,N1160,2,8
gastroenterology_hepatology,N1220,2,1
gastroenterology_hepatology,N1280,439,145
gastroenterology_hepatology,N1300,10,9
gastroenterology_hepatology,N1340,5,5
gastroenterology_hepatology,N1400,6,5
gastroenterology_hepatology,N1420,69,27
gastroenterology_hepatology,N1440,33,25
gastroenterology_hepatology,N1480,46,20
gastroenterology_hepatology,N1500,1,1
gastroenterology_hepatology,N1520,31,30
gastroenterology_hepatology,N1530,3,3
gastroenterology_hepatology,N1560,115,34
gastroenterology_hepatology,N1580,1,1
gastroenterology_hepatology,N1700,2,2
gastroenterology_hepatology,N1710,4,2
gastroenterology_hepatology,N1720,3,6
gastroenterology_hepatology,N1730,10,4
gastroenterology_hepatology,N1740,14,8
gastroenterology_hepatology,N1750,14,9
gastroenterology_hepatology,N1760,8,3
gastroenterology_hepatology,N1932,1,1
gene_cell_therapy,N1160,1,2
gene_cell_therapy,N1220,1,1
gene_cell_therapy,N1280,65,52
gene_cell_therapy,N1300,2,2
gene_cell_therapy,N1320,8,6
gene_cell_therapy,N1340,1,4
gene_cell_therapy,N1360,8,3
gene_cell_therapy,N1420,16,13
gene_cell_therapy,N1440,15,13
gene_cell_therapy,N1480,2,1
gene_cell_therapy,N1500,1,2
gene_cell_therapy,N1520,7,5
gene_cell_therapy,N1530,4,4
gene_cell_therapy,N1560,3,4
gene_cell_therapy,N1700,4,4
gene_cell_therapy,N1710,1,1
gene_cell_therapy,N1720,28,8
gene_cell_therapy,N1730,3,3
gene_cell_therapy,N1740,8,6
gene_cell_therapy,N1750,10,7
gene_cell_therapy,N1760,5,7
gene_cell_therapy,N1932,1,1
genetics_genomics_precision_medicine,N1140,10,4
genetics_genomics_precision_medicine,N1160,17,9
genetics_genomics_precision_medicine,N1220,5,4
genetics_genomics_precision_medicine,N1240,1,1
genetics_genomics_precision_medicine,N1280,342,156
genetics_genomics_precision_medicine,N1300,11,7
genetics_genomics_precision_medicine,N1320,12,7
genetics_genomics_precision_medicine,N1340,81,34
genetics_genomics_precision_medicine,N1360,3,4
genetics_genomics_precision_medicine,N1400,5,5
genetics_genomics_precision_medicine,N1420,230,69
genetics_genomics_precision_medicine,N1440,43,31
genetics_genomics_precision_medicine,N1480,77,19
genetics_genomics_precision_medicine,N1500,14,9
genetics_genomics_precision_medicine,N1520,23,15
genetics_genomics_precision_medicine,N1530,8,7
genetics_genomics_precision_medicine,N1560,42,20
genetics_genomics_precision_medicine,N1580,18,7
genetics_genomics_precision_medicine,N1700,17,7
genetics_genomics_precision_medicine,N1710,6,4
genetics_genomics_precision_medicine,N1720,36,13
genetics_genomics_precision_medicine,N1730,51,16
genetics_genomics_precision_medicine,N1740,217,18
genetics_genomics_precision_medicine,N1750,43,19
genetics_genomics_precision_medicine,N1760,51,30
genetics_genomics_precision_medicine,N1932,2,2
gi_cancer,N1140,2,2
gi_cancer,N1160,5,8
gi_cancer,N1220,1,1
gi_cancer,N1280,99,64
gi_cancer,N1320,1,1
gi_cancer,N1340,2,2
gi_cancer,N1400,1,1
gi_cancer,N1420,55,26
gi_cancer,N1440,6,6
gi_cancer,N1480,24,13
gi_cancer,N1520,20,15
gi_cancer,N1530,2,3
gi_cancer,N1560,50,23
gi_cancer,N1580,1,1
gi_cancer,N1710,2,1
gi_cancer,N1720,1,1
gi_cancer,N1730,8,4
gi_cancer,N1740,15,5
gi_cancer,N1750,8,8
global_public_health,N1140,17,11
global_public_health,N1220,2,1
global_public_health,N1240,93,14
global_public_health,N1280,314,105
global_public_health,N1300,5,3
global_public_health,N1320,18,4
global_public_health,N1340,15,12
global_public_health,N1360,4,2
global_public_health,N1400,3,7
global_public_health,N1420,19,13
global_public_health,N1440,31,22
global_public_health,N1480,264,44
global_public_health,N1500,23,20
global_public_health,N1520,10,12
global_public_health,N1530,2,3
global_public_health,N1540,1,1
global_public_health,N1560,22,17
global_public_health,N1580,4,4
global_public_health,N1700,1,1
global_public_health,N1720,7,3
global_public_health,N1730,7,4
global_public_health,N1740,10,5
global_public_health,N1932,7,5
gynecologic_oncology,N1280,32,17
gynecologic_oncology,N1340,55,14
gynecologic_oncology,N1420,21,12
gynecologic_oncology,N1480,25,9
gynecologic_oncology,N1520,9,6
gynecologic_oncology,N1530,2,1
gynecologic_oncology,N1560,2,4
gynecologic_oncology,N1580,1,1
gynecologic_oncology,N1720,3,2
gynecologic_oncology,N1730,2,2
gynecologic_oncology,N1740,7,4
gynecologic_oncology,N1750,1,1
health_economics,N1140,18,16
health_economics,N1160,3,4
health_economics,N1240,8,6
health_economics,N1280,77,61
health_economics,N1300,6,8
health_economics,N1320,11,8
health_economics,N1340,7,6
health_economics,N1360,4,2
health_economics,N1400,11,6
health_economics,N1420,2,2
health_economics,N1440,9,10
health_economics,N1480,199,31
health_economics,N1520,18,11
health_economics,N1540,1,1
health_economics,N1560,21,15
health_economics,N1580,10,6
health_economics,N1720,1,1
health_economics,N1740,1,1
health_economics,N1932,1,1
health_equity_social_determinants,N1140,61,27
health_equity_social_determinants,N1160,25,13
health_equity_social_determinants,N1220,20,4
health_equity_social_determinants,N1240,58,20
health_equity_social_determinants,N1280,394,153
health_equity_social_determinants,N1300,22,21
health_equity_social_determinants,N1320,15,9
health_equity_social_determinants,N1340,64,29
health_equity_social_determinants,N1360,8,5
health_equity_social_determinants,N1400,15,5
health_equity_social_determinants,N1420,9,10
health_equity_social_determinants,N1440,33,27
health_equity_social_determinants,N1480,250,51
health_equity_social_determinants,N1500,41,22
health_equity_social_determinants,N1520,55,30
health_equity_social_determinants,N1530,3,4
health_equity_social_determinants,N1560,81,34
health_equity_social_determinants,N1580,25,12
health_equity_social_determinants,N1700,1,1
health_equity_social_determinants,N1740,8,4
health_equity_social_determinants,N1760,2,2
health_equity_social_determinants,N1932,7,5
health_services_policy,N1140,104,32
health_services_policy,N1160,48,15
health_services_policy,N1220,2,2
health_services_policy,N1240,109,28
health_services_policy,N1280,537,199
health_services_policy,N1300,50,21
health_services_policy,N1320,40,13
health_services_policy,N1340,69,32
health_services_policy,N1360,13,9
health_services_policy,N1400,17,9
health_services_policy,N1420,9,11
health_services_policy,N1440,69,37
health_services_policy,N1480,519,51
health_services_policy,N1500,47,37
health_services_policy,N1520,66,41
health_services_policy,N1530,5,5
health_services_policy,N1540,3,2
health_services_policy,N1560,94,48
health_services_policy,N1580,48,20
health_services_policy,N1720,8,1
health_services_policy,N1740,2,2
health_services_policy,N1760,3,2
health_services_policy,N1932,7,4
hematology,N1140,9,11
hematology,N1160,8,8
hematology,N1280,282,121
hematology,N1300,14,9
hematology,N1320,6,6
hematology,N1340,5,5
hematology,N1360,1,1
hematology,N1400,3,4
hematology,N1420,127,41
hematology,N1440,70,28
hematology,N1480,32,9
hematology,N1520,13,14
hematology,N1530,6,5
hematology,N1560,8,10
hematology,N1700,3,2
hematology,N1720,2,3
hematology,N1730,10,3
hematology,N1740,52,7
hematology,N1750,10,6
hematology,N1760,2,1
hematology,N1932,2,2
immunology_inflammation,N1140,11,8
immunology_inflammation,N1160,16,10
immunology_inflammation,N1220,24,8
immunology_inflammation,N1240,2,2
immunology_inflammation,N1280,428,167
immunology_inflammation,N1300,11,8
immunology_inflammation,N1320,6,5
immunology_inflammation,N1340,23,14
immunology_inflammation,N1360,5,5
immunology_inflammation,N1400,1,1
immunology_inflammation,N1420,116,50
immunology_inflammation,N1440,134,29
immunology_inflammation,N1480,65,23
immunology_inflammation,N1500,5,3
immunology_inflammation,N1520,17,25
immunology_inflammation,N1530,39,8
immunology_inflammation,N1540,1,1
immunology_inflammation,N1560,28,19
immunology_inflammation,N1580,1,2
immunology_inflammation,N1700,29,8
immunology_inflammation,N1710,7,4
immunology_inflammation,N1720,26,12
immunology_inflammation,N1730,54,12
immunology_inflammation,N1740,102,17
immunology_inflammation,N1750,53,16
immunology_inflammation,N1760,47,24
immunology_inflammation,N1932,1,1
infectious_disease_immunology,N1140,6,11
infectious_disease_immunology,N1160,6,12
infectious_disease_immunology,N1220,8,7
infectious_disease_immunology,N1240,36,15
infectious_disease_immunology,N1280,607,225
infectious_disease_immunology,N1300,21,24
infectious_disease_immunology,N1320,10,7
infectious_disease_immunology,N1340,40,20
infectious_disease_immunology,N1360,4,4
infectious_disease_immunology,N1400,5,6
infectious_disease_immunology,N1420,117,29
infectious_disease_immunology,N1440,124,42
infectious_disease_immunology,N1480,223,41
infectious_disease_immunology,N1500,14,16
infectious_disease_immunology,N1520,24,32
infectious_disease_immunology,N1530,3,3
infectious_disease_immunology,N1560,29,15
infectious_disease_immunology,N1580,3,4
infectious_disease_immunology,N1700,11,2
infectious_disease_immunology,N1710,2,1
infectious_disease_immunology,N1720,12,10
infectious_disease_immunology,N1730,113,16
infectious_disease_immunology,N1740,32,10
infectious_disease_immunology,N1750,16,7
infectious_disease_immunology,N1760,7,5
infectious_disease_immunology,N1932,4,4
lung_cancer,N1140,1,1
lung_cancer,N1160,40,10
lung_cancer,N1280,38,22
lung_cancer,N1340,1,1
lung_cancer,N1420,14,15
lung_cancer,N1480,25,10
lung_cancer,N1520,14,14
lung_cancer,N1530,5,4
lung_cancer,N1560,3,1
lung_cancer,N1700,6,1
lung_cancer,N1720,1,3
lung_cancer,N1740,12,4
lung_cancer,N1750,9,11
maternal_child_health,N1140,23,12
maternal_child_health,N1240,15,7
maternal_child_health,N1280,95,40
maternal_child_health,N1300,7,8
maternal_child_health,N1320,1,2
maternal_child_health,N1340,150,31
maternal_child_health,N1420,12,9
maternal_child_health,N1440,63,34
maternal_child_health,N1480,67,29
maternal_child_health,N1500,17,12
maternal_child_health,N1520,5,5
maternal_child_health,N1530,1,1
maternal_child_health,N1560,4,4
maternal_child_health,N1710,3,1
maternal_child_health,N1730,1,2
maternal_child_health,N1740,4,2
maternal_child_health,N1750,3,2
maternal_child_health,N1932,2,2
medical_education_workforce,N1140,31,30
medical_education_workforce,N1160,7,6
medical_education_workforce,N1220,3,1
medical_education_workforce,N1240,58,20
medical_education_workforce,N1280,188,116
medical_education_workforce,N1300,24,15
medical_education_workforce,N1320,27,11
medical_education_workforce,N1340,18,18
medical_education_workforce,N1360,4,2
medical_education_workforce,N1400,22,8
medical_education_workforce,N1420,4,4
medical_education_workforce,N1440,54,30
medical_education_workforce,N1480,47,21
medical_education_workforce,N1500,29,28
medical_education_workforce,N1520,95,45
medical_education_workforce,N1540,1,1
medical_education_workforce,N1560,39,30
medical_education_workforce,N1580,8,7
medical_education_workforce,N1740,6,3
medical_education_workforce,N1932,3,4
melanoma_skin_cancer,N1160,2,1
melanoma_skin_cancer,N1220,12,6
melanoma_skin_cancer,N1280,33,15
melanoma_skin_cancer,N1360,1,1
melanoma_skin_cancer,N1400,4,4
melanoma_skin_cancer,N1420,14,7
melanoma_skin_cancer,N1440,2,2
melanoma_skin_cancer,N1480,5,3
melanoma_skin_cancer,N1520,1,1
melanoma_skin_cancer,N1560,4,2
melanoma_skin_cancer,N1700,1,1
melanoma_skin_cancer,N1740,6,3
melanoma_skin_cancer,N1750,12,7
mental_health_psychiatry,N1140,12,11
mental_health_psychiatry,N1160,1,1
mental_health_psychiatry,N1240,18,11
mental_health_psychiatry,N1280,106,71
mental_health_psychiatry,N1300,7,6
mental_health_psychiatry,N1320,2,3
mental_health_psychiatry,N1340,46,13
mental_health_psychiatry,N1360,1,2
mental_health_psychiatry,N1400,3,3
mental_health_psychiatry,N1420,1,1
mental_health_psychiatry,N1440,29,17
mental_health_psychiatry,N1480,157,33
mental_health_psychiatry,N1500,230,96
mental_health_psychiatry,N1520,65,19
mental_health_psychiatry,N1540,1,1
mental_health_psychiatry,N1560,6,11
mental_health_psychiatry,N1580,2,2
mental_health_psychiatry,N1700,6,2
mental_health_psychiatry,N1710,2,1
mental_health_psychiatry,N1720,2,1
mental_health_psychiatry,N1740,7,3
mental_health_psychiatry,N1750,7,2
mental_health_psychiatry,N1760,8,6
mental_health_psychiatry,N1932,4,3
metabolic_endocrine_disease,N1140,5,7
metabolic_endocrine_disease,N1160,7,6
metabolic_endocrine_disease,N1220,2,2
metabolic_endocrine_disease,N1240,3,2
metabolic_endocrine_disease,N1280,351,147
metabolic_endocrine_disease,N1300,3,4
metabolic_endocrine_disease,N1320,8,8
metabolic_endocrine_disease,N1340,10,7
metabolic_endocrine_disease,N1360,7,7
metabolic_endocrine_disease,N1400,7,5
metabolic_endocrine_disease,N1420,26,29
metabolic_endocrine_disease,N1440,27,18
metabolic_endocrine_disease,N1480,62,23
metabolic_endocrine_disease,N1500,5,3
metabolic_endocrine_disease,N1520,10,16
metabolic_endocrine_disease,N1530,5,2
metabolic_endocrine_disease,N1560,54,15
metabolic_endocrine_disease,N1580,5,3
metabolic_endocrine_disease,N1700,23,6
metabolic_endocrine_disease,N1710,5,3
metabolic_endocrine_disease,N1720,27,7
metabolic_endocrine_disease,N1730,9,4
metabolic_endocrine_disease,N1740,32,12
metabolic_endocrine_disease,N1750,14,11
metabolic_endocrine_disease,N1760,8,7
metabolic_endocrine_disease,N1932,3,2
microbiome_research,N1140,1,1
microbiome_research,N1220,2,1
microbiome_research,N1280,82,53
microbiome_research,N1300,1,3
microbiome_research,N1340,4,3
microbiome_research,N1400,1,2
microbiome_research,N1420,15,11
microbiome_research,N1440,16,16
microbiome_research,N1480,16,5
microbiome_research,N1520,1,1
microbiome_research,N1530,3,4
microbiome_research,N1560,2,3
microbiome_research,N1730,2,2
microbiome_research,N1740,21,5
microbiome_research,N1750,3,2
microbiome_research,N1760,4,5
microbiome_research,N1932,3,2
musculoskeletal_orthopedic_medicine,N1140,15,13
musculoskeletal_orthopedic_medicine,N1160,1,1
musculoskeletal_orthopedic_medicine,N1240,2,3
musculoskeletal_orthopedic_medicine,N1280,33,34
musculoskeletal_orthopedic_medicine,N1300,2,2
musculoskeletal_orthopedic_medicine,N1320,163,13
musculoskeletal_orthopedic_medicine,N1360,1,1
musculoskeletal_orthopedic_medicine,N1400,5,5
musculoskeletal_orthopedic_medicine,N1420,25,6
musculoskeletal_orthopedic_medicine,N1440,7,4
musculoskeletal_orthopedic_medicine,N1480,14,12
musculoskeletal_orthopedic_medicine,N1500,1,1
musculoskeletal_orthopedic_medicine,N1520,32,18
musculoskeletal_orthopedic_medicine,N1540,23,10
musculoskeletal_orthopedic_medicine,N1560,18,8
musculoskeletal_orthopedic_medicine,N1740,1,1
musculoskeletal_orthopedic_medicine,N1760,2,3
musculoskeletal_orthopedic_medicine,N1932,2,2
nephrology_renal_disease,N1140,3,6
nephrology_renal_disease,N1160,9,7
nephrology_renal_disease,N1240,1,1
nephrology_renal_disease,N1280,143,63
nephrology_renal_disease,N1300,1,1
nephrology_renal_disease,N1340,1,2
nephrology_renal_disease,N1420,20,10
nephrology_renal_disease,N1440,22,9
nephrology_renal_disease,N1480,25,10
nephrology_renal_disease,N1520,31,20
nephrology_renal_disease,N1530,1,4
nephrology_renal_disease,N1560,16,15
nephrology_renal_disease,N1580,4,4
nephrology_renal_disease,N1700,12,2
nephrology_renal_disease,N1720,4,3
nephrology_renal_disease,N1730,3,1
nephrology_renal_disease,N1740,10,6
nephrology_renal_disease,N1750,6,5
nephrology_renal_disease,N1760,1,1
nephrology_renal_disease,N1932,1,1
neuro_oncology,N1140,1,1
neuro_oncology,N1160,1,1
neuro_oncology,N1280,7,6
neuro_oncology,N1300,28,5
neuro_oncology,N1320,57,16
neuro_oncology,N1360,4,3
neuro_oncology,N1400,1,1
neuro_oncology,N1420,33,10
neuro_oncology,N1480,6,5
neuro_oncology,N1520,30,19
neuro_oncology,N1530,14,4
neuro_oncology,N1540,1,1
neuro_oncology,N1730,2,3
neuro_oncology,N1740,13,5
neuro_oncology,N1750,3,4
neuro_oncology,N1760,4,3
neurodegenerative_disease,N1140,5,4
neurodegenerative_disease,N1280,38,28
neurodegenerative_disease,N1300,41,23
neurodegenerative_disease,N1320,14,4
neurodegenerative_disease,N1340,1,1
neurodegenerative_disease,N1360,3,4
neurodegenerative_disease,N1400,6,2
neurodegenerative_disease,N1420,4,5
neurodegenerative_disease,N1440,2,3
neurodegenerative_disease,N1480,28,11
neurodegenerative_disease,N1500,5,5
neurodegenerative_disease,N1520,91,40
neurodegenerative_disease,N1530,2,3
neurodegenerative_disease,N1540,1,1
neurodegenerative_disease,N1560,2,2
neurodegenerative_disease,N1700,21,6
neurodegenerative_disease,N1720,11,7
neurodegenerative_disease,N1740,9,6
neurodegenerative_disease,N1750,1,1
neurodegenerative_disease,N1760,58,27
nutrition_metabolism,N1140,1,1
nutrition_metabolism,N1220,3,3
nutrition_metabolism,N1240,1,1
nutrition_metabolism,N1280,97,80
nutrition_metabolism,N1340,8,8
nutrition_metabolism,N1400,2,2
nutrition_metabolism,N1420,13,10
nutrition_metabolism,N1440,22,23
nutrition_metabolism,N1480,38,17
nutrition_metabolism,N1500,2,2
nutrition_metabolism,N1520,3,3
nutrition_metabolism,N1530,2,4
nutrition_metabolism,N1560,1,2
nutrition_metabolism,N1580,1,2
nutrition_metabolism,N1700,8,4
nutrition_metabolism,N1710,3,2
nutrition_metabolism,N1720,3,4
nutrition_metabolism,N1730,5,5
nutrition_metabolism,N1740,29,11
nutrition_metabolism,N1750,32,16
nutrition_metabolism,N1760,4,4
ophthalmology_vision_science,N1140,1,1
ophthalmology_vision_science,N1220,1,1
ophthalmology_vision_science,N1240,2,1
ophthalmology_vision_science,N1280,48,7
ophthalmology_vision_science,N1300,1,1
ophthalmology_vision_science,N1320,3,2
ophthalmology_vision_science,N1360,94,24
ophthalmology_vision_science,N1420,2,2
ophthalmology_vision_science,N1440,5,3
ophthalmology_vision_science,N1480,21,6
ophthalmology_vision_science,N1500,1,1
ophthalmology_vision_science,N1520,9,7
ophthalmology_vision_science,N1700,1,2
ophthalmology_vision_science,N1710,1,1
ophthalmology_vision_science,N1720,3,5
ophthalmology_vision_science,N1740,4,4
ophthalmology_vision_science,N1750,1,2
ophthalmology_vision_science,N1760,1,1
otolaryngology_head_neck,N1140,5,4
otolaryngology_head_neck,N1160,2,8
otolaryngology_head_neck,N1240,7,3
otolaryngology_head_neck,N1280,15,20
otolaryngology_head_neck,N1320,10,9
otolaryngology_head_neck,N1360,3,2
otolaryngology_head_neck,N1400,203,25
otolaryngology_head_neck,N1420,10,2
otolaryngology_head_neck,N1440,7,11
otolaryngology_head_neck,N1480,10,5
otolaryngology_head_neck,N1500,1,1
otolaryngology_head_neck,N1520,14,19
otolaryngology_head_neck,N1560,23,9
otolaryngology_head_neck,N1700,1,1
otolaryngology_head_neck,N1740,6,1
otolaryngology_head_neck,N1750,6,5
otolaryngology_head_neck,N1932,1,1
pain_medicine,N1140,45,29
pain_medicine,N1160,1,1
pain_medicine,N1240,1,1
pain_medicine,N1280,66,31
pain_medicine,N1300,18,7
pain_medicine,N1320,18,10
pain_medicine,N1340,4,4
pain_medicine,N1400,5,7
pain_medicine,N1440,6,6
pain_medicine,N1480,39,14
pain_medicine,N1500,6,5
pain_medicine,N1520,6,8
pain_medicine,N1540,13,3
pain_medicine,N1560,34,8
pain_medicine,N1580,7,1
pain_medicine,N1700,1,1
pain_medicine,N1750,1,1
pain_medicine,N1932,1,1
palliative_end_of_life_care,N1140,4,5
palliative_end_of_life_care,N1160,1,2
palliative_end_of_life_care,N1240,5,6
palliative_end_of_life_care,N1280,131,49
palliative_end_of_life_care,N1300,2,3
palliative_end_of_life_care,N1340,1,1
palliative_end_of_life_care,N1420,1,1
palliative_end_of_life_care,N1440,8,9
palliative_end_of_life_care,N1480,25,11
palliative_end_of_life_care,N1500,3,3
palliative_end_of_life_care,N1520,49,2
palliative_end_of_life_care,N1560,3,4
palliative_end_of_life_care,N1740,1,1
palliative_end_of_life_care,N1932,3,3
pathology_laboratory_medicine,N1140,1,1
pathology_laboratory_medicine,N1160,15,11
pathology_laboratory_medicine,N1220,7,6
pathology_laboratory_medicine,N1240,10,10
pathology_laboratory_medicine,N1280,258,169
pathology_laboratory_medicine,N1300,13,9
pathology_laboratory_medicine,N1320,8,7
pathology_laboratory_medicine,N1340,18,21
pathology_laboratory_medicine,N1360,6,3
pathology_laboratory_medicine,N1400,15,11
pathology_laboratory_medicine,N1420,341,70
pathology_laboratory_medicine,N1440,21,19
pathology_laboratory_medicine,N1480,68,22
pathology_laboratory_medicine,N1500,3,3
pathology_laboratory_medicine,N1520,56,30
pathology_laboratory_medicine,N1530,11,7
pathology_laboratory_medicine,N1540,1,1
pathology_laboratory_medicine,N1560,35,23
pathology_laboratory_medicine,N1580,21,7
pathology_laboratory_medicine,N1700,13,2
pathology_laboratory_medicine,N1710,2,2
pathology_laboratory_medicine,N1720,7,9
pathology_laboratory_medicine,N1730,28,9
pathology_laboratory_medicine,N1740,84,13
pathology_laboratory_medicine,N1750,10,9
pathology_laboratory_medicine,N1760,4,4
pediatrics_neonatology,N1140,38,8
pediatrics_neonatology,N1160,1,1
pediatrics_neonatology,N1220,1,1
pediatrics_neonatology,N1240,42,20
pediatrics_neonatology,N1280,61,46
pediatrics_neonatology,N1300,3,3
pediatrics_neonatology,N1320,46,12
pediatrics_neonatology,N1340,32,17
pediatrics_neonatology,N1360,6,7
pediatrics_neonatology,N1400,17,9
pediatrics_neonatology,N1420,29,24
pediatrics_neonatology,N1440,318,114
pediatrics_neonatology,N1480,79,27
pediatrics_neonatology,N1500,42,29
pediatrics_neonatology,N1520,39,25
pediatrics_neonatology,N1540,1,1
pediatrics_neonatology,N1560,6,5
pediatrics_neonatology,N1580,7,7
pediatrics_neonatology,N1700,1,1
pediatrics_neonatology,N1710,1,1
pediatrics_neonatology,N1720,5,6
pediatrics_neonatology,N1730,2,2
pediatrics_neonatology,N1740,9,8
pediatrics_neonatology,N1750,1,1
pediatrics_neonatology,N1760,6,7
pediatrics_neonatology,N1932,1,2
primary_care_general_medicine,N1220,1,1
primary_care_general_medicine,N1240,8,4
primary_care_general_medicine,N1280,184,89
primary_care_general_medicine,N1300,6,5
primary_care_general_medicine,N1340,5,5
primary_care_general_medicine,N1400,1,1
primary_care_general_medicine,N1440,14,13
primary_care_general_medicine,N1480,67,29
primary_care_general_medicine,N1500,10,7
primary_care_general_medicine,N1520,3,6
primary_care_general_medicine,N1560,1,1
primary_care_general_medicine,N1580,4,5
primary_care_general_medicine,N1932,2,2
prostate_urologic_cancer,N1140,2,3
prostate_urologic_cancer,N1160,1,1
prostate_urologic_cancer,N1220,1,1
prostate_urologic_cancer,N1280,113,20
prostate_urologic_cancer,N1320,1,1
prostate_urologic_cancer,N1420,62,22
prostate_urologic_cancer,N1440,2,2
prostate_urologic_cancer,N1480,34,13
prostate_urologic_cancer,N1520,50,14
prostate_urologic_cancer,N1530,6,3
prostate_urologic_cancer,N1560,1,3
prostate_urologic_cancer,N1580,105,13
prostate_urologic_cancer,N1700,2,2
prostate_urologic_cancer,N1730,2,3
prostate_urologic_cancer,N1740,23,6
prostate_urologic_cancer,N1750,11,7
pulmonary_critical_care,N1140,30,15
pulmonary_critical_care,N1160,15,15
pulmonary_critical_care,N1220,1,1
pulmonary_critical_care,N1240,7,7
pulmonary_critical_care,N1280,213,123
pulmonary_critical_care,N1300,4,6
pulmonary_critical_care,N1320,1,2
pulmonary_critical_care,N1340,3,3
pulmonary_critical_care,N1400,10,6
pulmonary_critical_care,N1420,15,14
pulmonary_critical_care,N1440,35,29
pulmonary_critical_care,N1480,28,17
pulmonary_critical_care,N1500,1,1
pulmonary_critical_care,N1520,24,20
pulmonary_critical_care,N1530,1,2
pulmonary_critical_care,N1540,1,1
pulmonary_critical_care,N1560,8,7
pulmonary_critical_care,N1700,3,1
pulmonary_critical_care,N1720,16,9
pulmonary_critical_care,N1730,9,4
pulmonary_critical_care,N1740,14,7
pulmonary_critical_care,N1760,2,2
radiology_medical_imaging,N1140,26,15
radiology_medical_imaging,N1160,19,13
radiology_medical_imaging,N1240,5,6
radiology_medical_imaging,N1280,153,84
radiology_medical_imaging,N1300,71,22
radiology_medical_imaging,N1320,107,25
radiology_medical_imaging,N1340,15,19
radiology_medical_imaging,N1360,16,11
radiology_medical_imaging,N1400,11,10
radiology_medical_imaging,N1420,43,19
radiology_medical_imaging,N1440,19,12
radiology_medical_imaging,N1480,107,23
radiology_medical_imaging,N1500,23,17
radiology_medical_imaging,N1520,612,129
radiology_medical_imaging,N1530,17,7
radiology_medical_imaging,N1540,5,5
radiology_medical_imaging,N1560,26,22
radiology_medical_imaging,N1580,32,13
radiology_medical_imaging,N1710,1,2
radiology_medical_imaging,N1720,4,3
radiology_medical_imaging,N1740,8,5
radiology_medical_imaging,N1750,4,2
radiology_medical_imaging,N1760,9,5
radiology_medical_imaging,N1932,2,2
rehabilitation_disability_medicine,N1140,10,11
rehabilitation_disability_medicine,N1240,2,2
rehabilitation_disability_medicine,N1280,56,24
rehabilitation_disability_medicine,N1300,9,11
rehabilitation_disability_medicine,N1320,32,12
rehabilitation_disability_medicine,N1400,11,2
rehabilitation_disability_medicine,N1440,2,2
rehabilitation_disability_medicine,N1480,14,10
rehabilitation_disability_medicine,N1500,18,10
rehabilitation_disability_medicine,N1520,22,12
rehabilitation_disability_medicine,N1540,19,11
rehabilitation_disability_medicine,N1560,12,5
rehabilitation_disability_medicine,N1760,11,2
rehabilitation_disability_medicine,N1932,1,1
research_infrastructure_workforce,N1140,9,6
research_infrastructure_workforce,N1160,16,6
research_infrastructure_workforce,N1220,2,1
research_infrastructure_workforce,N1240,6,4
research_infrastructure_workforce,N1280,58,49
research_infrastructure_workforce,N1300,1,1
research_infrastructure_workforce,N1320,3,3
research_infrastructure_workforce,N1340,3,3
research_infrastructure_workforce,N1360,1,1
research_infrastructure_workforce,N1400,10,3
research_infrastructure_workforce,N1420,11,12
research_infrastructure_workforce,N1440,12,12
research_infrastructure_workforce,N1480,56,28
research_infrastructure_workforce,N1500,4,4
research_infrastructure_workforce,N1520,15,15
research_infrastructure_workforce,N1530,2,2
research_infrastructure_workforce,N1560,8,7
research_infrastructure_workforce,N1580,5,4
research_infrastructure_workforce,N1720,2,2
research_infrastructure_workforce,N1730,6,5
research_infrastructure_workforce,N1740,20,11
research_infrastructure_workforce,N1750,2,2
research_infrastructure_workforce,N1760,4,3
research_infrastructure_workforce,N1932,15,10
single_cell_spatial_biology,N1140,1,1
single_cell_spatial_biology,N1160,6,5
single_cell_spatial_biology,N1220,4,3
single_cell_spatial_biology,N1240,1,1
single_cell_spatial_biology,N1280,106,90
single_cell_spatial_biology,N1300,4,1
single_cell_spatial_biology,N1320,1,1
single_cell_spatial_biology,N1340,5,6
single_cell_spatial_biology,N1420,59,39
single_cell_spatial_biology,N1440,22,11
single_cell_spatial_biology,N1480,14,11
single_cell_spatial_biology,N1500,1,1
single_cell_spatial_biology,N1520,6,2
single_cell_spatial_biology,N1530,5,6
single_cell_spatial_biology,N1560,18,14
single_cell_spatial_biology,N1580,2,1
single_cell_spatial_biology,N1700,5,3
single_cell_spatial_biology,N1710,9,4
single_cell_spatial_biology,N1720,6,4
single_cell_spatial_biology,N1730,14,4
single_cell_spatial_biology,N1740,62,13
single_cell_spatial_biology,N1750,12,11
single_cell_spatial_biology,N1760,26,21
sleep_medicine_circadian_biology,N1140,7,8
sleep_medicine_circadian_biology,N1280,27,17
sleep_medicine_circadian_biology,N1300,6,5
sleep_medicine_circadian_biology,N1320,3,3
sleep_medicine_circadian_biology,N1340,3,1
sleep_medicine_circadian_biology,N1360,2,2
sleep_medicine_circadian_biology,N1400,5,4
sleep_medicine_circadian_biology,N1440,3,4
sleep_medicine_circadian_biology,N1480,9,7
sleep_medicine_circadian_biology,N1500,4,3
sleep_medicine_circadian_biology,N1520,3,7
sleep_medicine_circadian_biology,N1540,1,1
sleep_medicine_circadian_biology,N1560,3,5
sleep_medicine_circadian_biology,N1580,1,2
sleep_medicine_circadian_biology,N1700,3,2
sleep_medicine_circadian_biology,N1730,1,1
sleep_medicine_circadian_biology,N1740,1,1
sleep_medicine_circadian_biology,N1760,2,2
sleep_medicine_circadian_biology,N1932,1,1
stem_cell_regenerative_medicine,N1160,4,3
stem_cell_regenerative_medicine,N1280,106,64
stem_cell_regenerative_medicine,N1300,8,3
stem_cell_regenerative_medicine,N1320,10,7
stem_cell_regenerative_medicine,N1340,13,10
stem_cell_regenerative_medicine,N1420,55,42
stem_cell_regenerative_medicine,N1440,14,8
stem_cell_regenerative_medicine,N1480,15,4
stem_cell_regenerative_medicine,N1500,2,2
stem_cell_regenerative_medicine,N1520,4,5
stem_cell_regenerative_medicine,N1530,2,3
stem_cell_regenerative_medicine,N1540,2,2
stem_cell_regenerative_medicine,N1560,51,8
stem_cell_regenerative_medicine,N1580,1,1
stem_cell_regenerative_medicine,N1700,10,5
stem_cell_regenerative_medicine,N1710,13,4
stem_cell_regenerative_medicine,N1720,2,1
stem_cell_regenerative_medicine,N1730,20,2
stem_cell_regenerative_medicine,N1740,36,8
stem_cell_regenerative_medicine,N1750,6,5
stem_cell_regenerative_medicine,N1760,23,19
substance_use_addiction_medicine,N1140,19,14
substance_use_addiction_medicine,N1240,3,3
substance_use_addiction_medicine,N1280,60,24
substance_use_addiction_medicine,N1300,6,7
substance_use_addiction_medicine,N1320,1,1
substance_use_addiction_medicine,N1340,2,2
substance_use_addiction_medicine,N1400,5,8
substance_use_addiction_medicine,N1420,1,1
substance_use_addiction_medicine,N1440,8,5
substance_use_addiction_medicine,N1480,153,18
substance_use_addiction_medicine,N1500,34,14
substance_use_addiction_medicine,N1520,12,5
substance_use_addiction_medicine,N1560,4,4
substance_use_addiction_medicine,N1700,1,1
substance_use_addiction_medicine,N1720,2,5
substance_use_addiction_medicine,N1750,5,2
substance_use_addiction_medicine,N1760,11,4
surgery_perioperative_medicine,N1140,139,50
surgery_perioperative_medicine,N1160,263,19
surgery_perioperative_medicine,N1220,8,2
surgery_perioperative_medicine,N1240,6,5
surgery_perioperative_medicine,N1280,192,102
surgery_perioperative_medicine,N1300,16,12
surgery_perioperative_medicine,N1320,269,25
surgery_perioperative_medicine,N1340,40,27
surgery_perioperative_medicine,N1360,19,9
surgery_perioperative_medicine,N1400,73,23
surgery_perioperative_medicine,N1420,28,19
surgery_perioperative_medicine,N1440,17,9
surgery_perioperative_medicine,N1480,107,21
surgery_perioperative_medicine,N1500,2,2
surgery_perioperative_medicine,N1520,52,53
surgery_perioperative_medicine,N1530,6,6
surgery_perioperative_medicine,N1560,344,65
surgery_perioperative_medicine,N1580,66,22
surgery_perioperative_medicine,N1700,2,2
surgery_perioperative_medicine,N1720,6,1
surgery_perioperative_medicine,N1730,1,1
surgery_perioperative_medicine,N1740,2,3
surgery_perioperative_medicine,N1750,1,1
surgery_perioperative_medicine,N1760,1,1
surgery_perioperative_medicine,N1932,15,2
systems_biology,N1140,8,2
systems_biology,N1160,5,4
systems_biology,N1220,5,4
systems_biology,N1240,1,1
systems_biology,N1280,83,77
systems_biology,N1300,4,3
systems_biology,N1320,1,2
systems_biology,N1340,1,5
systems_biology,N1420,60,39
systems_biology,N1440,17,13
systems_biology,N1480,22,11
systems_biology,N1500,9,5
systems_biology,N1520,8,6
systems_biology,N1530,3,4
systems_biology,N1560,10,10
systems_biology,N1580,7,2
systems_biology,N1700,20,4
systems_biology,N1710,8,3
systems_biology,N1720,12,6
systems_biology,N1730,15,8
systems_biology,N1740,109,18
systems_biology,N1750,23,14
systems_biology,N1760,20,22
translational_clinical_science,N1140,19,15
translational_clinical_science,N1160,52,11
translational_clinical_science,N1220,23,6
translational_clinical_science,N1240,5,4
translational_clinical_science,N1280,642,223
translational_clinical_science,N1300,56,26
translational_clinical_science,N1320,51,18
translational_clinical_science,N1340,44,29
translational_clinical_science,N1360,7,6
translational_clinical_science,N1400,16,7
translational_clinical_science,N1420,153,59
translational_clinical_science,N1440,82,36
translational_clinical_science,N1480,144,38
translational_clinical_science,N1500,28,29
translational_clinical_science,N1520,113,58
translational_clinical_science,N1530,20,9
translational_clinical_science,N1540,2,2
translational_clinical_science,N1560,34,24
translational_clinical_science,N1580,19,8
translational_clinical_science,N1700,13,3
translational_clinical_science,N1720,16,8
translational_clinical_science,N1730,32,11
translational_clinical_science,N1740,102,17
translational_clinical_science,N1750,34,21
translational_clinical_science,N1760,20,19
translational_clinical_science,N1932,6,3
transplantation_medicine,N1140,11,4
transplantation_medicine,N1160,12,5
transplantation_medicine,N1280,154,68
transplantation_medicine,N1340,2,6
transplantation_medicine,N1400,4,4
transplantation_medicine,N1420,30,16
transplantation_medicine,N1440,6,6
transplantation_medicine,N1480,12,8
transplantation_medicine,N1500,1,1
transplantation_medicine,N1520,6,7
transplantation_medicine,N1560,26,13
transplantation_medicine,N1580,3,3
transplantation_medicine,N1720,1,1
transplantation_medicine,N1730,4,1
transplantation_medicine,N1740,7,4
transplantation_medicine,N1750,1,1
urology_mens_health,N1140,1,1
urology_mens_health,N1160,1,1
urology_mens_health,N1220,1,1
urology_mens_health,N1240,1,2
urology_mens_health,N1280,110,27
urology_mens_health,N1340,14,8
urology_mens_health,N1420,57,23
urology_mens_health,N1440,5,4
urology_mens_health,N1480,41,15
urology_mens_health,N1520,55,16
urology_mens_health,N1530,3,3
urology_mens_health,N1560,3,6
urology_mens_health,N1580,178,25
urology_mens_health,N1700,2,2
urology_mens_health,N1730,4,4
urology_mens_health,N1740,24,7
urology_mens_health,N1750,19,8
urology_mens_health,N1932,1,1
womens_health_reproductive_medicine,N1140,18,15
womens_health_reproductive_medicine,N1160,23,9
womens_health_reproductive_medicine,N1220,2,1
womens_health_reproductive_medicine,N1240,4,3
womens_health_reproductive_medicine,N1280,141,89
womens_health_reproductive_medicine,N1300,13,11
womens_health_reproductive_medicine,N1320,3,2
womens_health_reproductive_medicine,N1340,251,75
womens_health_reproductive_medicine,N1360,1,1
womens_health_reproductive_medicine,N1400,1,1
womens_health_reproductive_medicine,N1420,44,25
womens_health_reproductive_medicine,N1440,11,13
womens_health_reproductive_medicine,N1480,110,30
womens_health_reproductive_medicine,N1500,10,12
womens_health_reproductive_medicine,N1520,32,33
womens_health_reproductive_medicine,N1530,4,3
womens_health_reproductive_medicine,N1540,1,1
womens_health_reproductive_medicine,N1560,30,17
womens_health_reproductive_medicine,N1580,11,8
womens_health_reproductive_medicine,N1700,2,2
womens_health_reproductive_medicine,N1710,2,1
womens_health_reproductive_medicine,N1720,2,1
womens_health_reproductive_medicine,N1730,3,4
womens_health_reproductive_medicine,N1740,17,10
womens_health_reproductive_medicine,N1750,19,10
womens_health_reproductive_medicine,N1760,14,11
womens_health_reproductive_medicine,N1932,4,2
