t,v,n,people
aging_geroscience,N2466,5,4
aging_geroscience,N2787,12,9
aging_geroscience,N2856,65,18
aging_geroscience,N3436,23,11
aging_geroscience,N3632,4,6
aging_geroscience,N4967,19,7
aging_geroscience,N5687,1,1
aging_geroscience,N6235,6,6
aging_geroscience,N6252,12,9
aging_geroscience,N6382,9,9
aging_geroscience,N6383,15,9
aging_geroscience,N7453,7,5
aging_geroscience,N7724,18,4
aging_geroscience,N7812,7,2
aging_geroscience,N8288,1,1
aging_geroscience,N8555,140,17
aging_geroscience,N8764,1,1
aging_geroscience,N8835,17,5
aging_geroscience,N9332,3,3
anesthesiology,N2466,1,1
anesthesiology,N2856,2,2
anesthesiology,N3628,4,2
anesthesiology,N5382,1,1
anesthesiology,N5687,1,1
anesthesiology,N6252,1,1
anesthesiology,N6382,4,4
anesthesiology,N7453,1,1
anesthesiology,N7773,1,1
anesthesiology,N7778,3,2
anesthesiology,N8835,1,3
autoimmune_rheumatologic_disease,N2787,1,1
autoimmune_rheumatologic_disease,N2856,15,8
autoimmune_rheumatologic_disease,N3385,1,1
autoimmune_rheumatologic_disease,N3628,1,1
autoimmune_rheumatologic_disease,N3632,6,4
autoimmune_rheumatologic_disease,N4328,1,1
autoimmune_rheumatologic_disease,N4967,5,6
autoimmune_rheumatologic_disease,N6252,6,8
autoimmune_rheumatologic_disease,N6382,2,3
autoimmune_rheumatologic_disease,N6383,8,2
autoimmune_rheumatologic_disease,N7453,5,7
autoimmune_rheumatologic_disease,N7778,1,2
autoimmune_rheumatologic_disease,N7812,2,1
autoimmune_rheumatologic_disease,N8288,3,2
autoimmune_rheumatologic_disease,N8555,4,1
autoimmune_rheumatologic_disease,N8835,2,1
autoimmune_rheumatologic_disease,N9332,1,1
basic_neuroscience,N3632,10,4
basic_neuroscience,N4967,10,6
basic_neuroscience,N5382,1,1
basic_neuroscience,N5687,3,1
basic_neuroscience,N6235,2,2
basic_neuroscience,N6252,1,1
basic_neuroscience,N6382,3,2
basic_neuroscience,N7453,7,3
basic_neuroscience,N7724,17,3
basic_neuroscience,N7778,2,1
basic_neuroscience,N8288,1,2
basic_neuroscience,N8764,1,1
basic_neuroscience,N8835,18,3
basic_neuroscience,N9332,3,3
biochemistry_biophysics,N2466,1,1
biochemistry_biophysics,N2787,1,1
biochemistry_biophysics,N2856,1,1
biochemistry_biophysics,N3385,5,3
biochemistry_biophysics,N3632,14,11
biochemistry_biophysics,N4967,28,4
biochemistry_biophysics,N5382,1,1
biochemistry_biophysics,N6252,2,2
biochemistry_biophysics,N6382,3,3
biochemistry_biophysics,N6383,6,5
biochemistry_biophysics,N7453,10,6
biochemistry_biophysics,N8288,2,3
biochemistry_biophysics,N8764,1,1
biochemistry_biophysics,N8835,3,1
biochemistry_biophysics,N9332,3,5
bioethics_medical_humanities,N2466,2,2
bioethics_medical_humanities,N2787,2,1
bioethics_medical_humanities,N2856,28,20
bioethics_medical_humanities,N3252,2,1
bioethics_medical_humanities,N3343,2,2
bioethics_medical_humanities,N3436,11,4
bioethics_medical_humanities,N3628,3,3
bioethics_medical_humanities,N3632,6,6
bioethics_medical_humanities,N4967,4,3
bioethics_medical_humanities,N5382,10,3
bioethics_medical_humanities,N5687,65,6
bioethics_medical_humanities,N6235,3,4
bioethics_medical_humanities,N6252,7,7
bioethics_medical_humanities,N6382,5,5
bioethics_medical_humanities,N6383,1,1
bioethics_medical_humanities,N7225,1,1
bioethics_medical_humanities,N7237,1,1
bioethics_medical_humanities,N7453,3,3
bioethics_medical_humanities,N7724,8,8
bioethics_medical_humanities,N7773,2,2
bioethics_medical_humanities,N7778,1,1
bioethics_medical_humanities,N7812,5,3
bioethics_medical_humanities,N8288,1,1
bioethics_medical_humanities,N8555,18,11
bioethics_medical_humanities,N8764,2,2
bioethics_medical_humanities,N8835,5,2
biomedical_engineering,N2856,1,1
biomedical_engineering,N3343,1,1
biomedical_engineering,N3623,1,1
biomedical_engineering,N3632,1,1
biomedical_engineering,N4967,1,1
biomedical_engineering,N5687,2,1
biomedical_engineering,N6252,2,3
biomedical_engineering,N6382,27,14
biomedical_engineering,N6383,6,4
biomedical_engineering,N7237,1,1
biomedical_engineering,N7324,2,2
biomedical_engineering,N7453,6,3
biomedical_engineering,N7778,6,2
biomedical_engineering,N8537,1,1
biomedical_engineering,N8555,2,3
biomedical_engineering,N8835,5,2
biomedical_engineering,N9332,3,4
biomedical_informatics,N2466,8,3
biomedical_informatics,N2787,10,4
biomedical_informatics,N2856,29,12
biomedical_informatics,N3343,1,1
biomedical_informatics,N3385,1,1
biomedical_informatics,N3436,31,9
biomedical_informatics,N3628,8,4
biomedical_informatics,N3632,26,16
biomedical_informatics,N4328,1,1
biomedical_informatics,N4967,10,12
biomedical_informatics,N5382,11,6
biomedical_informatics,N5687,3,1
biomedical_informatics,N6252,11,4
biomedical_informatics,N6382,14,11
biomedical_informatics,N6383,9,5
biomedical_informatics,N7237,1,1
biomedical_informatics,N7284,1,1
biomedical_informatics,N7324,1,1
biomedical_informatics,N7453,12,8
biomedical_informatics,N7724,5,4
biomedical_informatics,N7773,6,1
biomedical_informatics,N7778,3,2
biomedical_informatics,N7812,2,2
biomedical_informatics,N8524,1,1
biomedical_informatics,N8555,11,6
biomedical_informatics,N8764,2,2
biomedical_informatics,N8835,4,5
biostatistics_quantitative_sciences,N2466,92,11
biostatistics_quantitative_sciences,N2787,108,9
biostatistics_quantitative_sciences,N2856,65,18
biostatistics_quantitative_sciences,N3385,1,1
biostatistics_quantitative_sciences,N3436,41,12
biostatistics_quantitative_sciences,N3628,13,5
biostatistics_quantitative_sciences,N3632,39,24
biostatistics_quantitative_sciences,N4328,1,1
biostatistics_quantitative_sciences,N4967,22,13
biostatistics_quantitative_sciences,N5382,4,4
biostatistics_quantitative_sciences,N5687,1,1
biostatistics_quantitative_sciences,N6235,1,1
biostatistics_quantitative_sciences,N6252,25,10
biostatistics_quantitative_sciences,N6382,33,20
biostatistics_quantitative_sciences,N6383,10,5
biostatistics_quantitative_sciences,N7237,1,1
biostatistics_quantitative_sciences,N7324,3,5
biostatistics_quantitative_sciences,N7453,25,18
biostatistics_quantitative_sciences,N7724,12,6
biostatistics_quantitative_sciences,N7773,2,2
biostatistics_quantitative_sciences,N7778,3,1
biostatistics_quantitative_sciences,N7812,8,4
biostatistics_quantitative_sciences,N8524,2,1
biostatistics_quantitative_sciences,N8555,11,8
biostatistics_quantitative_sciences,N8764,4,3
biostatistics_quantitative_sciences,N8835,3,3
breast_cancer,N2466,2,2
breast_cancer,N2787,92,6
breast_cancer,N2856,14,4
breast_cancer,N3436,1,1
breast_cancer,N3628,1,1
breast_cancer,N3632,71,16
breast_cancer,N6252,2,2
breast_cancer,N6383,4,4
breast_cancer,N7453,6,1
breast_cancer,N7773,9,1
breast_cancer,N7778,36,3
breast_cancer,N8758,2,1
breast_cancer,N8764,3,1
breast_cancer,N8835,3,1
breast_cancer,N9332,1,1
cancer_biology_general,N2787,17,6
cancer_biology_general,N2856,2,2
cancer_biology_general,N3628,1,1
cancer_biology_general,N3632,184,61
cancer_biology_general,N4967,4,4
cancer_biology_general,N6252,3,2
cancer_biology_general,N6382,4,6
cancer_biology_general,N6383,2,1
cancer_biology_general,N7453,12,8
cancer_biology_general,N7773,2,1
cancer_biology_general,N7778,1,1
cancer_biology_general,N8288,23,9
cancer_biology_general,N8764,5,1
cancer_biology_general,N8835,2,2
cancer_biology_general,N9332,9,5
cardiovascular_disease,N2466,108,5
cardiovascular_disease,N2787,16,5
cardiovascular_disease,N2856,185,26
cardiovascular_disease,N3343,3,1
cardiovascular_disease,N3385,1,1
cardiovascular_disease,N3436,7,8
cardiovascular_disease,N3628,3,1
cardiovascular_disease,N3632,20,11
cardiovascular_disease,N4967,61,13
cardiovascular_disease,N5472,2,1
cardiovascular_disease,N5676,20,7
cardiovascular_disease,N6235,2,2
cardiovascular_disease,N6252,15,9
cardiovascular_disease,N6382,381,60
cardiovascular_disease,N6383,21,10
cardiovascular_disease,N7324,32,9
cardiovascular_disease,N7453,9,8
cardiovascular_disease,N7773,1,1
cardiovascular_disease,N7812,14,7
cardiovascular_disease,N8288,1,1
cardiovascular_disease,N8524,3,1
cardiovascular_disease,N8555,11,5
cardiovascular_disease,N8764,2,2
cardiovascular_disease,N8835,7,5
cardiovascular_disease,N9332,6,5
cell_molecular_biology,N2466,6,1
cell_molecular_biology,N2787,10,6
cell_molecular_biology,N2856,7,5
cell_molecular_biology,N3252,5,2
cell_molecular_biology,N3343,1,1
cell_molecular_biology,N3385,7,3
cell_molecular_biology,N3623,3,1
cell_molecular_biology,N3628,5,1
cell_molecular_biology,N3632,135,50
cell_molecular_biology,N4328,1,1
cell_molecular_biology,N4967,85,20
cell_molecular_biology,N5382,1,1
cell_molecular_biology,N5472,3,1
cell_molecular_biology,N5676,9,3
cell_molecular_biology,N6252,50,14
cell_molecular_biology,N6382,29,9
cell_molecular_biology,N6383,33,13
cell_molecular_biology,N7284,1,1
cell_molecular_biology,N7453,88,16
cell_molecular_biology,N7773,2,1
cell_molecular_biology,N7778,2,2
cell_molecular_biology,N7812,34,10
cell_molecular_biology,N8288,26,8
cell_molecular_biology,N8537,6,4
cell_molecular_biology,N8764,2,1
cell_molecular_biology,N8835,6,3
cell_molecular_biology,N9332,61,8
clinical_neurology,N2466,4,3
clinical_neurology,N2787,26,3
clinical_neurology,N2856,16,9
clinical_neurology,N3343,3,3
clinical_neurology,N3385,1,1
clinical_neurology,N3436,2,4
clinical_neurology,N3623,1,1
clinical_neurology,N3628,1,1
clinical_neurology,N3632,5,5
clinical_neurology,N4967,9,8
clinical_neurology,N5382,2,2
clinical_neurology,N5472,2,1
clinical_neurology,N5676,2,1
clinical_neurology,N5687,21,3
clinical_neurology,N6235,5,5
clinical_neurology,N6252,9,5
clinical_neurology,N6382,11,15
clinical_neurology,N6383,61,2
clinical_neurology,N7225,1,1
clinical_neurology,N7324,1,5
clinical_neurology,N7453,6,5
clinical_neurology,N7724,8,5
clinical_neurology,N7778,26,2
clinical_neurology,N7812,1,1
clinical_neurology,N8288,1,1
clinical_neurology,N8524,9,2
clinical_neurology,N8555,5,3
clinical_neurology,N8835,59,19
dermatology_skin_disease,N3632,10,6
dermatology_skin_disease,N4967,3,6
dermatology_skin_disease,N5382,1,1
dermatology_skin_disease,N6252,1,1
dermatology_skin_disease,N6383,1,2
dermatology_skin_disease,N7778,5,2
dermatology_skin_disease,N7812,1,1
dermatology_skin_disease,N8764,1,1
dermatology_skin_disease,N9332,1,1
developmental_biology,N3343,1,1
developmental_biology,N3628,3,1
developmental_biology,N3632,8,7
developmental_biology,N4328,1,1
developmental_biology,N4967,1,1
developmental_biology,N5676,5,2
developmental_biology,N6252,2,2
developmental_biology,N6382,1,2
developmental_biology,N6383,3,4
developmental_biology,N7453,4,3
developmental_biology,N7812,1,1
developmental_biology,N9332,25,8
digital_health_telemedicine,N2466,18,8
digital_health_telemedicine,N2787,2,1
digital_health_telemedicine,N2856,30,21
digital_health_telemedicine,N3343,2,2
digital_health_telemedicine,N3436,31,10
digital_health_telemedicine,N3628,2,3
digital_health_telemedicine,N3632,4,12
digital_health_telemedicine,N4328,1,1
digital_health_telemedicine,N4967,4,4
digital_health_telemedicine,N5382,9,7
digital_health_telemedicine,N5687,1,1
digital_health_telemedicine,N6235,3,3
digital_health_telemedicine,N6252,3,3
digital_health_telemedicine,N6382,13,6
digital_health_telemedicine,N6383,11,11
digital_health_telemedicine,N7324,1,1
digital_health_telemedicine,N7453,22,17
digital_health_telemedicine,N7724,22,12
digital_health_telemedicine,N7773,14,1
digital_health_telemedicine,N7778,1,1
digital_health_telemedicine,N7812,2,2
digital_health_telemedicine,N8555,55,12
digital_health_telemedicine,N8764,7,4
digital_health_telemedicine,N8835,1,1
drug_discovery_pharmacology,N2466,1,1
drug_discovery_pharmacology,N2787,3,3
drug_discovery_pharmacology,N2856,21,5
drug_discovery_pharmacology,N3385,2,2
drug_discovery_pharmacology,N3436,1,1
drug_discovery_pharmacology,N3632,128,57
drug_discovery_pharmacology,N4967,62,24
drug_discovery_pharmacology,N5472,1,1
drug_discovery_pharmacology,N5676,1,2
drug_discovery_pharmacology,N6252,8,6
drug_discovery_pharmacology,N6382,33,9
drug_discovery_pharmacology,N6383,20,10
drug_discovery_pharmacology,N7225,1,1
drug_discovery_pharmacology,N7324,1,1
drug_discovery_pharmacology,N7453,20,13
drug_discovery_pharmacology,N7724,4,3
drug_discovery_pharmacology,N7773,1,1
drug_discovery_pharmacology,N7812,12,7
drug_discovery_pharmacology,N8288,6,7
drug_discovery_pharmacology,N8537,7,2
drug_discovery_pharmacology,N8764,1,1
drug_discovery_pharmacology,N8835,2,1
drug_discovery_pharmacology,N9332,13,4
emergency_critical_care_medicine,N2466,4,5
emergency_critical_care_medicine,N2787,4,2
emergency_critical_care_medicine,N2856,34,19
emergency_critical_care_medicine,N3252,1,1
emergency_critical_care_medicine,N3343,2,3
emergency_critical_care_medicine,N3436,8,7
emergency_critical_care_medicine,N3628,1,1
emergency_critical_care_medicine,N3632,2,1
emergency_critical_care_medicine,N4967,9,10
emergency_critical_care_medicine,N5382,13,7
emergency_critical_care_medicine,N5472,2,2
emergency_critical_care_medicine,N5676,2,2
emergency_critical_care_medicine,N5687,4,1
emergency_critical_care_medicine,N6235,28,9
emergency_critical_care_medicine,N6252,37,21
emergency_critical_care_medicine,N6382,31,29
emergency_critical_care_medicine,N6383,2,2
emergency_critical_care_medicine,N7237,2,1
emergency_critical_care_medicine,N7324,4,7
emergency_critical_care_medicine,N7453,7,12
emergency_critical_care_medicine,N7724,2,4
emergency_critical_care_medicine,N7778,1,1
emergency_critical_care_medicine,N7812,5,3
emergency_critical_care_medicine,N8524,4,1
emergency_critical_care_medicine,N8537,5,2
emergency_critical_care_medicine,N8555,14,5
emergency_critical_care_medicine,N8835,5,5
emergency_critical_care_medicine,N9332,1,1
environmental_planetary_health,N2466,2,3
environmental_planetary_health,N2787,4,4
environmental_planetary_health,N2856,23,8
environmental_planetary_health,N3385,3,1
environmental_planetary_health,N3436,5,5
environmental_planetary_health,N3632,3,4
environmental_planetary_health,N4328,1,1
environmental_planetary_health,N4967,6,3
environmental_planetary_health,N6252,3,2
environmental_planetary_health,N6382,4,4
environmental_planetary_health,N7453,1,1
environmental_planetary_health,N7724,1,1
environmental_planetary_health,N7812,1,1
environmental_planetary_health,N8288,1,3
epidemiology_population_health,N2466,148,11
epidemiology_population_health,N2787,274,10
epidemiology_population_health,N2856,317,35
epidemiology_population_health,N3252,3,3
epidemiology_population_health,N3343,5,5
epidemiology_population_health,N3385,6,4
epidemiology_population_health,N3436,107,12
epidemiology_population_health,N3623,2,3
epidemiology_population_health,N3628,39,7
epidemiology_population_health,N3632,49,25
epidemiology_population_health,N4328,4,3
epidemiology_population_health,N4967,165,29
epidemiology_population_health,N5382,26,12
epidemiology_population_health,N5472,6,3
epidemiology_population_health,N5676,1,2
epidemiology_population_health,N5687,1,1
epidemiology_population_health,N6235,11,8
epidemiology_population_health,N6252,46,14
epidemiology_population_health,N6382,94,39
epidemiology_population_health,N6383,34,13
epidemiology_population_health,N7237,1,1
epidemiology_population_health,N7284,1,1
epidemiology_population_health,N7324,8,6
epidemiology_population_health,N7453,93,29
epidemiology_population_health,N7724,13,8
epidemiology_population_health,N7773,11,3
epidemiology_population_health,N7778,4,1
epidemiology_population_health,N7812,17,8
epidemiology_population_health,N8288,4,4
epidemiology_population_health,N8524,5,1
epidemiology_population_health,N8537,14,4
epidemiology_population_health,N8555,46,11
epidemiology_population_health,N8758,3,1
epidemiology_population_health,N8764,15,6
epidemiology_population_health,N8835,9,5
gastroenterology_hepatology,N2466,11,5
gastroenterology_hepatology,N2787,10,2
gastroenterology_hepatology,N2856,14,8
gastroenterology_hepatology,N3252,16,10
gastroenterology_hepatology,N3343,2,1
gastroenterology_hepatology,N3385,3,3
gastroenterology_hepatology,N3436,5,2
gastroenterology_hepatology,N3623,1,1
gastroenterology_hepatology,N3628,1,1
gastroenterology_hepatology,N3632,25,17
gastroenterology_hepatology,N4967,29,16
gastroenterology_hepatology,N5382,1,1
gastroenterology_hepatology,N6235,10,4
gastroenterology_hepatology,N6252,10,4
gastroenterology_hepatology,N6382,6,11
gastroenterology_hepatology,N6383,17,11
gastroenterology_hepatology,N7237,1,1
gastroenterology_hepatology,N7453,348,52
gastroenterology_hepatology,N7773,1,1
gastroenterology_hepatology,N7812,10,9
gastroenterology_hepatology,N8288,11,5
gastroenterology_hepatology,N8758,2,1
gastroenterology_hepatology,N8835,5,2
gastroenterology_hepatology,N9332,10,7
gene_cell_therapy,N3385,1,1
gene_cell_therapy,N3623,1,1
gene_cell_therapy,N3632,28,22
gene_cell_therapy,N4967,6,6
gene_cell_therapy,N5676,1,1
gene_cell_therapy,N5687,1,1
gene_cell_therapy,N6252,2,2
gene_cell_therapy,N6382,4,5
gene_cell_therapy,N6383,1,1
gene_cell_therapy,N7453,5,4
gene_cell_therapy,N8288,12,7
gene_cell_therapy,N8764,1,1
gene_cell_therapy,N8835,1,1
gene_cell_therapy,N9332,6,5
genetics_genomics_precision_medicine,N2466,2,2
genetics_genomics_precision_medicine,N2787,29,6
genetics_genomics_precision_medicine,N2856,10,9
genetics_genomics_precision_medicine,N3343,2,4
genetics_genomics_precision_medicine,N3385,2,2
genetics_genomics_precision_medicine,N3628,10,5
genetics_genomics_precision_medicine,N3632,159,54
genetics_genomics_precision_medicine,N4328,2,2
genetics_genomics_precision_medicine,N4967,39,20
genetics_genomics_precision_medicine,N5382,1,1
genetics_genomics_precision_medicine,N5676,2,2
genetics_genomics_precision_medicine,N5687,2,1
genetics_genomics_precision_medicine,N6252,17,10
genetics_genomics_precision_medicine,N6382,13,15
genetics_genomics_precision_medicine,N6383,6,7
genetics_genomics_precision_medicine,N7225,1,1
genetics_genomics_precision_medicine,N7284,3,2
genetics_genomics_precision_medicine,N7453,48,15
genetics_genomics_precision_medicine,N7724,2,3
genetics_genomics_precision_medicine,N7773,40,3
genetics_genomics_precision_medicine,N7812,13,6
genetics_genomics_precision_medicine,N8288,13,7
genetics_genomics_precision_medicine,N8537,3,3
genetics_genomics_precision_medicine,N8764,17,3
genetics_genomics_precision_medicine,N8835,2,2
genetics_genomics_precision_medicine,N9332,22,8
gi_cancer,N2466,10,2
gi_cancer,N2787,4,3
gi_cancer,N2856,4,4
gi_cancer,N3436,1,1
gi_cancer,N3632,48,20
gi_cancer,N4967,1,1
gi_cancer,N6235,1,1
gi_cancer,N6252,2,2
gi_cancer,N6382,1,2
gi_cancer,N7237,1,1
gi_cancer,N7453,40,28
gi_cancer,N7773,1,1
gi_cancer,N8288,6,4
gi_cancer,N8835,3,1
global_public_health,N2466,55,10
global_public_health,N2787,154,7
global_public_health,N2856,139,28
global_public_health,N3343,3,2
global_public_health,N3385,1,1
global_public_health,N3436,33,8
global_public_health,N3628,3,3
global_public_health,N3632,16,10
global_public_health,N4967,163,24
global_public_health,N5382,10,7
global_public_health,N5687,2,2
global_public_health,N6235,5,6
global_public_health,N6252,7,3
global_public_health,N6382,10,4
global_public_health,N6383,7,5
global_public_health,N7237,1,1
global_public_health,N7284,1,1
global_public_health,N7453,21,12
global_public_health,N7724,4,3
global_public_health,N7773,2,1
global_public_health,N7778,4,1
global_public_health,N7812,2,2
global_public_health,N8288,1,1
global_public_health,N8537,10,6
global_public_health,N8555,11,7
global_public_health,N8764,4,1
gynecologic_oncology,N2466,2,1
gynecologic_oncology,N2787,11,5
gynecologic_oncology,N2856,2,1
gynecologic_oncology,N3632,3,3
gynecologic_oncology,N4967,4,3
gynecologic_oncology,N6382,2,1
gynecologic_oncology,N6383,2,3
gynecologic_oncology,N7453,16,3
gynecologic_oncology,N7773,41,4
gynecologic_oncology,N8764,28,3
gynecologic_oncology,N9332,1,1
health_economics,N2466,68,9
health_economics,N2787,9,5
health_economics,N2856,21,10
health_economics,N3252,1,1
health_economics,N3436,112,11
health_economics,N3628,1,1
health_economics,N3632,11,6
health_economics,N4328,1,1
health_economics,N4967,8,5
health_economics,N5382,1,2
health_economics,N5687,1,1
health_economics,N6235,3,1
health_economics,N6382,10,16
health_economics,N6383,2,2
health_economics,N7237,1,1
health_economics,N7324,1,1
health_economics,N7453,20,13
health_economics,N7773,4,2
health_economics,N7778,8,2
health_economics,N7812,2,1
health_economics,N8288,2,2
health_economics,N8555,3,3
health_economics,N8764,2,2
health_economics,N8835,1,1
health_equity_social_determinants,N2466,68,11
health_equity_social_determinants,N2787,60,9
health_equity_social_determinants,N2856,217,39
health_equity_social_determinants,N3252,1,1
health_equity_social_determinants,N3343,1,1
health_equity_social_determinants,N3385,1,1
health_equity_social_determinants,N3436,66,12
health_equity_social_determinants,N3623,1,2
health_equity_social_determinants,N3628,20,8
health_equity_social_determinants,N3632,33,18
health_equity_social_determinants,N4967,77,13
health_equity_social_determinants,N5382,19,11
health_equity_social_determinants,N5472,1,1
health_equity_social_determinants,N5687,14,3
health_equity_social_determinants,N6235,9,5
health_equity_social_determinants,N6252,8,6
health_equity_social_determinants,N6382,28,28
health_equity_social_determinants,N6383,8,6
health_equity_social_determinants,N7237,2,1
health_equity_social_determinants,N7324,1,1
health_equity_social_determinants,N7453,39,14
health_equity_social_determinants,N7724,4,3
health_equity_social_determinants,N7773,18,2
health_equity_social_determinants,N7778,10,2
health_equity_social_determinants,N7812,6,4
health_equity_social_determinants,N8524,1,1
health_equity_social_determinants,N8537,3,3
health_equity_social_determinants,N8555,24,11
health_equity_social_determinants,N8758,3,1
health_equity_social_determinants,N8764,19,5
health_equity_social_determinants,N8835,2,2
health_services_policy,N2466,219,11
health_services_policy,N2787,48,10
health_services_policy,N2856,212,42
health_services_policy,N3252,5,3
health_services_policy,N3436,211,13
health_services_policy,N3623,2,3
health_services_policy,N3628,24,7
health_services_policy,N3632,44,29
health_services_policy,N4328,2,2
health_services_policy,N4967,62,10
health_services_policy,N5382,28,10
health_services_policy,N5687,10,3
health_services_policy,N6235,14,9
health_services_policy,N6252,12,10
health_services_policy,N6382,69,36
health_services_policy,N6383,12,11
health_services_policy,N7237,3,1
health_services_policy,N7324,3,6
health_services_policy,N7453,96,30
health_services_policy,N7724,13,9
health_services_policy,N7773,22,4
health_services_policy,N7778,14,2
health_services_policy,N7812,7,2
health_services_policy,N8288,4,4
health_services_policy,N8524,3,1
health_services_policy,N8537,8,4
health_services_policy,N8555,64,15
health_services_policy,N8758,3,1
health_services_policy,N8764,18,8
health_services_policy,N8835,6,5
hematology,N2466,3,1
hematology,N2856,12,10
hematology,N3252,4,3
hematology,N3385,1,1
hematology,N3628,2,1
hematology,N3632,207,46
hematology,N4967,12,12
hematology,N5472,4,1
hematology,N6252,14,11
hematology,N6382,16,7
hematology,N6383,2,2
hematology,N7324,4,4
hematology,N7453,11,13
hematology,N7778,1,1
hematology,N7812,10,4
hematology,N8288,30,11
hematology,N8524,2,1
hematology,N8764,1,1
hematology,N8835,3,3
hematology,N9332,16,6
immunology_inflammation,N2466,4,1
immunology_inflammation,N2787,29,9
immunology_inflammation,N2856,23,11
immunology_inflammation,N3252,5,2
immunology_inflammation,N3343,1,1
immunology_inflammation,N3385,10,4
immunology_inflammation,N3436,1,2
immunology_inflammation,N3628,2,2
immunology_inflammation,N3632,113,51
immunology_inflammation,N4328,1,1
immunology_inflammation,N4967,87,27
immunology_inflammation,N5472,4,1
immunology_inflammation,N5676,1,1
immunology_inflammation,N6252,44,13
immunology_inflammation,N6382,16,10
immunology_inflammation,N6383,23,6
immunology_inflammation,N7453,77,14
immunology_inflammation,N7773,1,1
immunology_inflammation,N7778,1,1
immunology_inflammation,N7812,38,11
immunology_inflammation,N8288,25,6
immunology_inflammation,N8537,27,6
immunology_inflammation,N8555,1,1
immunology_inflammation,N8764,3,2
immunology_inflammation,N8835,6,3
immunology_inflammation,N9332,23,7
infectious_disease_immunology,N2466,23,8
infectious_disease_immunology,N2787,125,5
infectious_disease_immunology,N2856,115,27
infectious_disease_immunology,N3252,2,2
infectious_disease_immunology,N3343,3,4
infectious_disease_immunology,N3385,4,4
infectious_disease_immunology,N3436,32,7
infectious_disease_immunology,N3623,5,4
infectious_disease_immunology,N3628,18,6
infectious_disease_immunology,N3632,42,20
infectious_disease_immunology,N4967,329,42
infectious_disease_immunology,N5382,10,3
infectious_disease_immunology,N5472,4,3
infectious_disease_immunology,N6235,2,1
infectious_disease_immunology,N6252,60,23
infectious_disease_immunology,N6382,30,26
infectious_disease_immunology,N6383,17,12
infectious_disease_immunology,N7324,1,1
infectious_disease_immunology,N7453,91,36
infectious_disease_immunology,N7724,8,5
infectious_disease_immunology,N7773,1,1
infectious_disease_immunology,N7778,1,1
infectious_disease_immunology,N7812,27,8
infectious_disease_immunology,N8288,4,5
infectious_disease_immunology,N8524,3,1
infectious_disease_immunology,N8537,47,8
infectious_disease_immunology,N8555,9,10
infectious_disease_immunology,N8758,1,1
infectious_disease_immunology,N8764,8,6
infectious_disease_immunology,N8835,7,6
infectious_disease_immunology,N9332,14,6
lung_cancer,N2466,1,1
lung_cancer,N2787,18,4
lung_cancer,N2856,4,3
lung_cancer,N3632,24,8
lung_cancer,N6252,4,2
lung_cancer,N6382,2,3
lung_cancer,N9332,1,1
maternal_child_health,N2466,21,5
maternal_child_health,N2787,8,5
maternal_child_health,N2856,35,11
maternal_child_health,N3343,11,8
maternal_child_health,N3385,2,2
maternal_child_health,N3436,5,5
maternal_child_health,N3628,69,11
maternal_child_health,N3632,4,2
maternal_child_health,N4328,2,2
maternal_child_health,N4967,19,9
maternal_child_health,N5382,14,8
maternal_child_health,N5676,1,2
maternal_child_health,N6382,1,1
maternal_child_health,N6383,4,3
maternal_child_health,N7284,3,1
maternal_child_health,N7453,35,6
maternal_child_health,N7724,1,1
maternal_child_health,N7773,1,1
maternal_child_health,N7778,1,1
maternal_child_health,N7812,6,3
maternal_child_health,N8537,16,6
maternal_child_health,N8764,10,5
maternal_child_health,N9332,1,2
medical_education_workforce,N2466,6,3
medical_education_workforce,N2787,9,3
medical_education_workforce,N2856,90,42
medical_education_workforce,N3252,4,2
medical_education_workforce,N3343,4,3
medical_education_workforce,N3436,14,7
medical_education_workforce,N3628,5,4
medical_education_workforce,N3632,7,7
medical_education_workforce,N4967,14,6
medical_education_workforce,N5382,36,11
medical_education_workforce,N5676,1,1
medical_education_workforce,N5687,3,2
medical_education_workforce,N6235,5,6
medical_education_workforce,N6252,9,9
medical_education_workforce,N6382,7,5
medical_education_workforce,N6383,7,5
medical_education_workforce,N7237,7,2
medical_education_workforce,N7324,2,2
medical_education_workforce,N7453,10,10
medical_education_workforce,N7724,6,5
medical_education_workforce,N7773,4,2
medical_education_workforce,N7778,3,2
medical_education_workforce,N7812,4,3
medical_education_workforce,N8288,2,2
medical_education_workforce,N8555,42,18
medical_education_workforce,N8758,1,1
medical_education_workforce,N8764,2,4
medical_education_workforce,N8835,16,6
melanoma_skin_cancer,N3632,22,11
melanoma_skin_cancer,N5382,1,1
melanoma_skin_cancer,N8288,1,1
melanoma_skin_cancer,N9332,2,1
mental_health_psychiatry,N2466,38,6
mental_health_psychiatry,N2787,17,4
mental_health_psychiatry,N2856,31,16
mental_health_psychiatry,N3436,16,7
mental_health_psychiatry,N3628,4,3
mental_health_psychiatry,N3632,4,4
mental_health_psychiatry,N4328,1,1
mental_health_psychiatry,N4967,12,10
mental_health_psychiatry,N5382,21,11
mental_health_psychiatry,N5676,1,1
mental_health_psychiatry,N5687,3,1
mental_health_psychiatry,N6235,4,5
mental_health_psychiatry,N6252,6,6
mental_health_psychiatry,N6382,1,1
mental_health_psychiatry,N6383,5,6
mental_health_psychiatry,N7225,1,1
mental_health_psychiatry,N7237,1,1
mental_health_psychiatry,N7453,5,7
mental_health_psychiatry,N7724,78,25
mental_health_psychiatry,N7773,3,1
mental_health_psychiatry,N7778,1,1
mental_health_psychiatry,N8555,51,13
mental_health_psychiatry,N8764,3,1
mental_health_psychiatry,N8835,4,2
mental_health_psychiatry,N9332,1,1
metabolic_endocrine_disease,N2466,4,4
metabolic_endocrine_disease,N2787,34,4
metabolic_endocrine_disease,N2856,62,24
metabolic_endocrine_disease,N3385,3,2
metabolic_endocrine_disease,N3436,2,2
metabolic_endocrine_disease,N3623,3,1
metabolic_endocrine_disease,N3628,5,2
metabolic_endocrine_disease,N3632,11,9
metabolic_endocrine_disease,N4328,14,5
metabolic_endocrine_disease,N4967,22,10
metabolic_endocrine_disease,N5382,3,3
metabolic_endocrine_disease,N5472,1,1
metabolic_endocrine_disease,N6252,8,8
metabolic_endocrine_disease,N6382,30,11
metabolic_endocrine_disease,N6383,165,30
metabolic_endocrine_disease,N7324,1,1
metabolic_endocrine_disease,N7453,74,30
metabolic_endocrine_disease,N7724,1,1
metabolic_endocrine_disease,N7773,1,1
metabolic_endocrine_disease,N7812,6,3
metabolic_endocrine_disease,N8288,2,4
metabolic_endocrine_disease,N8555,1,2
metabolic_endocrine_disease,N8758,3,1
metabolic_endocrine_disease,N8764,1,1
metabolic_endocrine_disease,N8835,3,5
metabolic_endocrine_disease,N9332,10,5
microbiome_research,N2856,3,2
microbiome_research,N3252,5,4
microbiome_research,N3343,1,1
microbiome_research,N3385,2,2
microbiome_research,N3632,7,8
microbiome_research,N4967,15,10
microbiome_research,N6252,9,4
microbiome_research,N6382,1,1
microbiome_research,N6383,3,2
microbiome_research,N7453,38,12
microbiome_research,N7812,8,6
microbiome_research,N8288,3,3
microbiome_research,N8537,1,1
microbiome_research,N8555,1,1
microbiome_research,N8764,1,1
musculoskeletal_orthopedic_medicine,N2466,6,5
musculoskeletal_orthopedic_medicine,N2787,3,3
musculoskeletal_orthopedic_medicine,N2856,6,7
musculoskeletal_orthopedic_medicine,N3436,1,1
musculoskeletal_orthopedic_medicine,N3632,3,3
musculoskeletal_orthopedic_medicine,N4328,2,1
musculoskeletal_orthopedic_medicine,N5382,2,1
musculoskeletal_orthopedic_medicine,N5472,2,1
musculoskeletal_orthopedic_medicine,N6235,2,2
musculoskeletal_orthopedic_medicine,N6252,1,1
musculoskeletal_orthopedic_medicine,N6382,1,1
musculoskeletal_orthopedic_medicine,N6383,11,9
musculoskeletal_orthopedic_medicine,N7453,1,1
musculoskeletal_orthopedic_medicine,N7778,10,2
musculoskeletal_orthopedic_medicine,N7812,5,4
musculoskeletal_orthopedic_medicine,N8288,1,1
musculoskeletal_orthopedic_medicine,N8555,1,1
musculoskeletal_orthopedic_medicine,N8835,6,4
musculoskeletal_orthopedic_medicine,N9332,1,2
nephrology_renal_disease,N2856,10,8
nephrology_renal_disease,N3436,2,4
nephrology_renal_disease,N3623,7,4
nephrology_renal_disease,N3632,15,7
nephrology_renal_disease,N4328,1,1
nephrology_renal_disease,N4967,14,9
nephrology_renal_disease,N5472,18,4
nephrology_renal_disease,N6235,1,1
nephrology_renal_disease,N6252,4,3
nephrology_renal_disease,N6382,6,5
nephrology_renal_disease,N6383,5,3
nephrology_renal_disease,N7284,1,1
nephrology_renal_disease,N7324,3,4
nephrology_renal_disease,N7453,10,8
nephrology_renal_disease,N7812,97,15
nephrology_renal_disease,N8555,2,1
nephrology_renal_disease,N8835,1,1
neuro_oncology,N2787,1,1
neuro_oncology,N3632,7,6
neuro_oncology,N8835,20,8
neurodegenerative_disease,N2787,5,1
neurodegenerative_disease,N2856,4,4
neurodegenerative_disease,N3385,1,1
neurodegenerative_disease,N3632,5,4
neurodegenerative_disease,N4967,5,3
neurodegenerative_disease,N5687,1,1
neurodegenerative_disease,N6252,5,2
neurodegenerative_disease,N6382,1,1
neurodegenerative_disease,N6383,11,4
neurodegenerative_disease,N7453,3,3
neurodegenerative_disease,N8524,2,1
neurodegenerative_disease,N8555,4,5
neurodegenerative_disease,N8835,51,10
neurodegenerative_disease,N9332,1,1
nutrition_metabolism,N2466,5,4
nutrition_metabolism,N2787,26,5
nutrition_metabolism,N2856,14,8
nutrition_metabolism,N3252,2,2
nutrition_metabolism,N3343,2,2
nutrition_metabolism,N3385,5,4
nutrition_metabolism,N3436,2,1
nutrition_metabolism,N3632,5,4
nutrition_metabolism,N4328,3,2
nutrition_metabolism,N4967,10,6
nutrition_metabolism,N5382,2,2
nutrition_metabolism,N5472,1,1
nutrition_metabolism,N6252,5,4
nutrition_metabolism,N6382,13,9
nutrition_metabolism,N6383,26,13
nutrition_metabolism,N7225,1,1
nutrition_metabolism,N7453,22,16
nutrition_metabolism,N7812,8,6
nutrition_metabolism,N8288,2,3
nutrition_metabolism,N8537,1,1
nutrition_metabolism,N8555,1,1
nutrition_metabolism,N8835,1,1
nutrition_metabolism,N9332,1,2
ophthalmology_vision_science,N2787,10,2
ophthalmology_vision_science,N2856,1,1
ophthalmology_vision_science,N3436,1,1
ophthalmology_vision_science,N3632,1,1
ophthalmology_vision_science,N4967,3,1
ophthalmology_vision_science,N5472,2,1
ophthalmology_vision_science,N6383,44,4
ophthalmology_vision_science,N7284,1,1
otolaryngology_head_neck,N2787,4,1
otolaryngology_head_neck,N2856,2,3
otolaryngology_head_neck,N3252,2,1
otolaryngology_head_neck,N3343,1,1
otolaryngology_head_neck,N3385,2,1
otolaryngology_head_neck,N4967,1,1
otolaryngology_head_neck,N5382,2,2
otolaryngology_head_neck,N6252,4,5
otolaryngology_head_neck,N6382,1,2
otolaryngology_head_neck,N7453,2,6
otolaryngology_head_neck,N7724,1,1
otolaryngology_head_neck,N7778,6,2
otolaryngology_head_neck,N8537,2,3
otolaryngology_head_neck,N8555,4,2
otolaryngology_head_neck,N8835,10,8
pain_medicine,N2466,19,3
pain_medicine,N2787,7,3
pain_medicine,N2856,6,5
pain_medicine,N3252,1,1
pain_medicine,N3343,2,2
pain_medicine,N3436,12,2
pain_medicine,N3632,1,1
pain_medicine,N4967,3,4
pain_medicine,N5382,4,3
pain_medicine,N5687,1,1
pain_medicine,N6235,2,2
pain_medicine,N6252,3,3
pain_medicine,N6382,2,2
pain_medicine,N6383,14,3
pain_medicine,N7237,1,1
pain_medicine,N7453,6,4
pain_medicine,N7724,2,1
pain_medicine,N7778,28,3
pain_medicine,N8555,33,6
pain_medicine,N8764,1,1
pain_medicine,N8835,2,4
palliative_end_of_life_care,N2787,3,2
palliative_end_of_life_care,N2856,12,10
palliative_end_of_life_care,N3343,2,2
palliative_end_of_life_care,N3436,19,5
palliative_end_of_life_care,N3628,1,1
palliative_end_of_life_care,N3632,8,6
palliative_end_of_life_care,N5382,4,2
palliative_end_of_life_care,N5687,12,3
palliative_end_of_life_care,N6235,3,4
palliative_end_of_life_care,N6252,12,8
palliative_end_of_life_care,N6382,2,2
palliative_end_of_life_care,N6383,1,1
palliative_end_of_life_care,N7453,4,3
palliative_end_of_life_care,N7724,1,1
palliative_end_of_life_care,N8288,1,1
palliative_end_of_life_care,N8555,86,16
pathology_laboratory_medicine,N2466,4,3
pathology_laboratory_medicine,N2787,26,6
pathology_laboratory_medicine,N2856,26,17
pathology_laboratory_medicine,N3343,3,3
pathology_laboratory_medicine,N3436,2,1
pathology_laboratory_medicine,N3628,4,5
pathology_laboratory_medicine,N3632,102,53
pathology_laboratory_medicine,N4967,54,24
pathology_laboratory_medicine,N5472,1,1
pathology_laboratory_medicine,N5676,1,2
pathology_laboratory_medicine,N6252,16,13
pathology_laboratory_medicine,N6382,10,8
pathology_laboratory_medicine,N6383,10,6
pathology_laboratory_medicine,N7237,1,1
pathology_laboratory_medicine,N7453,29,22
pathology_laboratory_medicine,N7773,6,2
pathology_laboratory_medicine,N7812,37,11
pathology_laboratory_medicine,N8288,10,7
pathology_laboratory_medicine,N8537,5,2
pathology_laboratory_medicine,N8764,8,5
pathology_laboratory_medicine,N8835,3,4
pathology_laboratory_medicine,N9332,6,3
pediatrics_neonatology,N2466,11,6
pediatrics_neonatology,N2787,12,4
pediatrics_neonatology,N2856,11,8
pediatrics_neonatology,N3252,13,9
pediatrics_neonatology,N3343,35,18
pediatrics_neonatology,N3385,17,9
pediatrics_neonatology,N3436,5,5
pediatrics_neonatology,N3628,14,3
pediatrics_neonatology,N3632,5,5
pediatrics_neonatology,N4328,15,5
pediatrics_neonatology,N4967,15,8
pediatrics_neonatology,N5382,61,19
pediatrics_neonatology,N5472,15,3
pediatrics_neonatology,N5676,13,7
pediatrics_neonatology,N5687,4,2
pediatrics_neonatology,N6252,2,2
pediatrics_neonatology,N6383,10,4
pediatrics_neonatology,N7225,2,2
pediatrics_neonatology,N7237,2,1
pediatrics_neonatology,N7284,2,1
pediatrics_neonatology,N7453,8,5
pediatrics_neonatology,N7724,6,8
pediatrics_neonatology,N7773,1,1
pediatrics_neonatology,N7778,3,1
pediatrics_neonatology,N7812,2,4
pediatrics_neonatology,N8288,19,6
pediatrics_neonatology,N8537,33,7
pediatrics_neonatology,N8764,6,3
pediatrics_neonatology,N8835,13,7
primary_care_general_medicine,N2466,19,8
primary_care_general_medicine,N2787,11,4
primary_care_general_medicine,N2856,116,31
primary_care_general_medicine,N3343,1,1
primary_care_general_medicine,N3436,29,11
primary_care_general_medicine,N3632,7,4
primary_care_general_medicine,N4967,16,8
primary_care_general_medicine,N5382,12,10
primary_care_general_medicine,N6252,1,2
primary_care_general_medicine,N6382,3,4
primary_care_general_medicine,N6383,15,9
primary_care_general_medicine,N7453,16,11
primary_care_general_medicine,N7724,2,2
primary_care_general_medicine,N7773,2,1
primary_care_general_medicine,N8555,29,11
primary_care_general_medicine,N8764,2,2
prostate_urologic_cancer,N2466,10,4
prostate_urologic_cancer,N2787,14,2
prostate_urologic_cancer,N2856,2,2
prostate_urologic_cancer,N3623,1,3
prostate_urologic_cancer,N3632,104,13
prostate_urologic_cancer,N5382,1,1
prostate_urologic_cancer,N6383,2,1
prostate_urologic_cancer,N7453,1,1
prostate_urologic_cancer,N8288,1,1
pulmonary_critical_care,N2466,1,1
pulmonary_critical_care,N2787,3,1
pulmonary_critical_care,N2856,37,16
pulmonary_critical_care,N3252,1,1
pulmonary_critical_care,N3343,7,5
pulmonary_critical_care,N3385,21,8
pulmonary_critical_care,N3436,7,3
pulmonary_critical_care,N3628,2,2
pulmonary_critical_care,N3632,6,5
pulmonary_critical_care,N4967,17,18
pulmonary_critical_care,N5382,1,1
pulmonary_critical_care,N5472,1,1
pulmonary_critical_care,N5676,1,1
pulmonary_critical_care,N5687,2,1
pulmonary_critical_care,N6235,2,2
pulmonary_critical_care,N6252,134,31
pulmonary_critical_care,N6382,34,18
pulmonary_critical_care,N6383,3,4
pulmonary_critical_care,N7324,1,1
pulmonary_critical_care,N7453,19,14
pulmonary_critical_care,N7724,1,1
pulmonary_critical_care,N7812,9,4
pulmonary_critical_care,N8524,1,1
pulmonary_critical_care,N8537,1,1
pulmonary_critical_care,N8555,1,1
pulmonary_critical_care,N8835,3,2
pulmonary_critical_care,N9332,7,3
radiology_medical_imaging,N2466,8,5
radiology_medical_imaging,N2787,21,6
radiology_medical_imaging,N2856,13,12
radiology_medical_imaging,N3343,4,3
radiology_medical_imaging,N3385,2,1
radiology_medical_imaging,N3628,4,3
radiology_medical_imaging,N3632,28,16
radiology_medical_imaging,N4967,2,1
radiology_medical_imaging,N5382,1,1
radiology_medical_imaging,N5676,5,1
radiology_medical_imaging,N5687,2,1
radiology_medical_imaging,N6235,2,2
radiology_medical_imaging,N6252,13,6
radiology_medical_imaging,N6382,65,24
radiology_medical_imaging,N6383,21,8
radiology_medical_imaging,N7237,1,1
radiology_medical_imaging,N7324,7,5
radiology_medical_imaging,N7453,13,13
radiology_medical_imaging,N7724,6,2
radiology_medical_imaging,N7773,2,2
radiology_medical_imaging,N7778,2,2
radiology_medical_imaging,N7812,1,1
radiology_medical_imaging,N8524,2,1
radiology_medical_imaging,N8764,3,3
radiology_medical_imaging,N8835,124,20
radiology_medical_imaging,N9332,1,1
rehabilitation_disability_medicine,N2466,2,1
rehabilitation_disability_medicine,N2856,16,7
rehabilitation_disability_medicine,N3436,2,3
rehabilitation_disability_medicine,N5382,1,1
rehabilitation_disability_medicine,N5687,19,2
rehabilitation_disability_medicine,N6235,3,4
rehabilitation_disability_medicine,N6252,4,5
rehabilitation_disability_medicine,N6382,1,4
rehabilitation_disability_medicine,N6383,1,1
rehabilitation_disability_medicine,N7724,3,2
rehabilitation_disability_medicine,N7778,10,1
rehabilitation_disability_medicine,N8555,19,5
rehabilitation_disability_medicine,N8835,2,2
research_infrastructure_workforce,N2466,15,8
research_infrastructure_workforce,N2787,4,5
research_infrastructure_workforce,N2856,16,14
research_infrastructure_workforce,N3343,1,1
research_infrastructure_workforce,N3385,1,1
research_infrastructure_workforce,N3436,8,5
research_infrastructure_workforce,N3628,1,1
research_infrastructure_workforce,N3632,11,8
research_infrastructure_workforce,N4967,11,5
research_infrastructure_workforce,N5382,5,3
research_infrastructure_workforce,N5687,3,1
research_infrastructure_workforce,N6235,1,1
research_infrastructure_workforce,N6252,1,1
research_infrastructure_workforce,N6382,4,5
research_infrastructure_workforce,N7453,1,1
research_infrastructure_workforce,N7724,1,1
research_infrastructure_workforce,N7778,1,1
research_infrastructure_workforce,N8288,3,4
research_infrastructure_workforce,N8555,7,6
research_infrastructure_workforce,N8835,1,1
single_cell_spatial_biology,N2787,2,2
single_cell_spatial_biology,N3252,3,1
single_cell_spatial_biology,N3623,2,1
single_cell_spatial_biology,N3628,3,1
single_cell_spatial_biology,N3632,37,34
single_cell_spatial_biology,N4967,13,15
single_cell_spatial_biology,N6252,8,7
single_cell_spatial_biology,N6382,2,3
single_cell_spatial_biology,N6383,1,1
single_cell_spatial_biology,N7453,23,11
single_cell_spatial_biology,N7812,5,4
single_cell_spatial_biology,N8288,5,5
single_cell_spatial_biology,N9332,18,6
sleep_medicine_circadian_biology,N2787,1,1
sleep_medicine_circadian_biology,N2856,2,3
sleep_medicine_circadian_biology,N3343,1,1
sleep_medicine_circadian_biology,N3632,1,1
sleep_medicine_circadian_biology,N4967,4,1
sleep_medicine_circadian_biology,N6252,17,2
sleep_medicine_circadian_biology,N6383,3,3
sleep_medicine_circadian_biology,N7237,1,1
sleep_medicine_circadian_biology,N7324,1,1
sleep_medicine_circadian_biology,N7453,3,5
sleep_medicine_circadian_biology,N8288,1,1
sleep_medicine_circadian_biology,N8835,2,1
stem_cell_regenerative_medicine,N2787,8,3
stem_cell_regenerative_medicine,N2856,1,1
stem_cell_regenerative_medicine,N3385,1,1
stem_cell_regenerative_medicine,N3623,2,1
stem_cell_regenerative_medicine,N3628,1,1
stem_cell_regenerative_medicine,N3632,20,15
stem_cell_regenerative_medicine,N4967,5,5
stem_cell_regenerative_medicine,N5676,6,2
stem_cell_regenerative_medicine,N5687,1,1
stem_cell_regenerative_medicine,N6252,7,7
stem_cell_regenerative_medicine,N6382,4,4
stem_cell_regenerative_medicine,N6383,7,7
stem_cell_regenerative_medicine,N7453,21,6
stem_cell_regenerative_medicine,N8288,5,3
stem_cell_regenerative_medicine,N9332,41,8
substance_use_addiction_medicine,N2466,130,6
substance_use_addiction_medicine,N2787,8,3
substance_use_addiction_medicine,N2856,12,9
substance_use_addiction_medicine,N3343,2,2
substance_use_addiction_medicine,N3436,29,5
substance_use_addiction_medicine,N3628,1,1
substance_use_addiction_medicine,N4967,29,3
substance_use_addiction_medicine,N5382,5,2
substance_use_addiction_medicine,N5687,1,1
substance_use_addiction_medicine,N6382,2,1
substance_use_addiction_medicine,N6383,1,1
substance_use_addiction_medicine,N7237,1,1
substance_use_addiction_medicine,N7284,1,1
substance_use_addiction_medicine,N7453,11,6
substance_use_addiction_medicine,N7724,1,1
substance_use_addiction_medicine,N8555,9,3
substance_use_addiction_medicine,N8764,1,1
surgery_perioperative_medicine,N2466,74,5
surgery_perioperative_medicine,N2787,12,4
surgery_perioperative_medicine,N2856,13,11
surgery_perioperative_medicine,N3343,1,1
surgery_perioperative_medicine,N3436,3,3
surgery_perioperative_medicine,N3623,2,3
surgery_perioperative_medicine,N3628,8,5
surgery_perioperative_medicine,N3632,13,11
surgery_perioperative_medicine,N4328,1,1
surgery_perioperative_medicine,N4967,4,1
surgery_perioperative_medicine,N5676,3,2
surgery_perioperative_medicine,N6235,23,9
surgery_perioperative_medicine,N6252,7,5
surgery_perioperative_medicine,N6382,81,32
surgery_perioperative_medicine,N6383,10,10
surgery_perioperative_medicine,N7237,3,2
surgery_perioperative_medicine,N7324,34,9
surgery_perioperative_medicine,N7453,68,23
surgery_perioperative_medicine,N7724,1,1
surgery_perioperative_medicine,N7773,10,4
surgery_perioperative_medicine,N7778,106,3
surgery_perioperative_medicine,N8555,4,3
surgery_perioperative_medicine,N8758,8,1
surgery_perioperative_medicine,N8764,11,5
surgery_perioperative_medicine,N8835,12,12
surgery_perioperative_medicine,N9332,1,1
systems_biology,N2466,2,1
systems_biology,N2787,5,3
systems_biology,N2856,1,1
systems_biology,N3385,1,1
systems_biology,N3628,1,1
systems_biology,N3632,30,26
systems_biology,N4967,14,14
systems_biology,N5472,1,1
systems_biology,N6252,8,4
systems_biology,N6382,1,1
systems_biology,N6383,5,4
systems_biology,N7453,13,9
systems_biology,N7812,6,5
systems_biology,N8288,6,4
systems_biology,N8537,1,1
systems_biology,N8555,1,1
systems_biology,N8835,1,1
systems_biology,N9332,5,3
translational_clinical_science,N2466,36,6
translational_clinical_science,N2787,27,9
translational_clinical_science,N2856,53,17
translational_clinical_science,N3343,1,1
translational_clinical_science,N3385,5,2
translational_clinical_science,N3436,5,4
translational_clinical_science,N3628,10,4
translational_clinical_science,N3632,274,66
translational_clinical_science,N4328,1,1
translational_clinical_science,N4967,88,32
translational_clinical_science,N5382,1,1
translational_clinical_science,N5472,1,1
translational_clinical_science,N5676,5,3
translational_clinical_science,N5687,3,1
translational_clinical_science,N6252,33,15
translational_clinical_science,N6382,50,19
translational_clinical_science,N6383,52,12
translational_clinical_science,N7225,1,1
translational_clinical_science,N7284,2,2
translational_clinical_science,N7324,1,1
translational_clinical_science,N7453,39,23
translational_clinical_science,N7724,10,7
translational_clinical_science,N7773,8,1
translational_clinical_science,N7812,41,11
translational_clinical_science,N8288,25,10
translational_clinical_science,N8524,1,1
translational_clinical_science,N8537,10,4
translational_clinical_science,N8555,10,6
translational_clinical_science,N8764,6,4
translational_clinical_science,N8835,25,10
translational_clinical_science,N9332,11,4
transplantation_medicine,N2466,3,3
transplantation_medicine,N2856,7,5
transplantation_medicine,N3623,10,4
transplantation_medicine,N3628,1,1
transplantation_medicine,N3632,41,18
transplantation_medicine,N4967,14,7
transplantation_medicine,N5676,1,1
transplantation_medicine,N6252,3,3
transplantation_medicine,N6382,12,11
transplantation_medicine,N6383,3,4
transplantation_medicine,N7453,35,9
transplantation_medicine,N7812,57,7
transplantation_medicine,N8288,1,1
transplantation_medicine,N9332,5,4
urology_mens_health,N2466,14,4
urology_mens_health,N2787,13,2
urology_mens_health,N2856,1,1
urology_mens_health,N3623,1,3
urology_mens_health,N3628,1,1
urology_mens_health,N3632,98,14
urology_mens_health,N4328,2,1
urology_mens_health,N4967,4,5
urology_mens_health,N5382,1,1
urology_mens_health,N6383,2,1
urology_mens_health,N7453,1,1
urology_mens_health,N7812,1,2
urology_mens_health,N8288,1,1
urology_mens_health,N8537,1,1
urology_mens_health,N8764,2,2
urology_mens_health,N9332,1,1
womens_health_reproductive_medicine,N2466,16,5
womens_health_reproductive_medicine,N2787,59,9
womens_health_reproductive_medicine,N2856,28,12
womens_health_reproductive_medicine,N3436,4,4
womens_health_reproductive_medicine,N3628,56,12
womens_health_reproductive_medicine,N3632,23,11
womens_health_reproductive_medicine,N4328,1,2
womens_health_reproductive_medicine,N4967,23,11
womens_health_reproductive_medicine,N5382,1,1
womens_health_reproductive_medicine,N5472,1,1
womens_health_reproductive_medicine,N5676,2,3
womens_health_reproductive_medicine,N5687,2,1
womens_health_reproductive_medicine,N6252,1,1
womens_health_reproductive_medicine,N6382,15,23
womens_health_reproductive_medicine,N6383,9,8
womens_health_reproductive_medicine,N7324,4,2
womens_health_reproductive_medicine,N7453,45,9
womens_health_reproductive_medicine,N7724,1,1
womens_health_reproductive_medicine,N7773,49,5
womens_health_reproductive_medicine,N7778,1,1
womens_health_reproductive_medicine,N7812,8,3
womens_health_reproductive_medicine,N8537,1,1
womens_health_reproductive_medicine,N8758,2,1
womens_health_reproductive_medicine,N8764,56,10
womens_health_reproductive_medicine,N8835,1,1
womens_health_reproductive_medicine,N9332,3,3
