id,label,description
aging_geroscience,Aging & Geroscience,"Research on biological mechanisms of aging and their clinical consequences including frailty, cognitive decline, age-related disease, and geriatric syndromes. Bridges molecular biology of cellular senescence and aging pathways with clinical geriatric care, elder mistreatment, and long-term care delivery."
anesthesiology,Anesthesiology,"Anesthetic and perioperative management for surgical, diagnostic, and therapeutic procedures, including general and regional anesthesia, procedural sedation, airway management, anesthetic pharmacology, intraoperative monitoring, and perioperative outcomes. Includes critical care when specifically centered on anesthesiology practice. Distinct from pain medicine, where pain is the primary condition being treated, and from broader surgical, perioperative, emergency, and critical care topics."
autoimmune_rheumatologic_disease,Autoimmune & Rheumatologic Disease,"Clinical and translational research on systemic autoimmune syndromes and rheumatologic conditions including lupus, rheumatoid arthritis, vasculitis, scleroderma, and inflammatory arthritis. Covers disease biomarkers, immunosuppressive therapies, and clinical management. Distinct from Immunology & Inflammation (fundamental immune mechanisms) in its focus on clinical autoimmune disease and rheumatology practice."
basic_neuroscience,Basic Neuroscience,"Fundamental and experimental study of the nervous system, including neurophysiology, neuroanatomy, molecular and cellular neurobiology, neural circuits, cognition, and behavior. Includes neuroimaging and neuromodulation when used to investigate mechanisms rather than primarily diagnose or treat disease. Distinct from clinical neurology, neurodegenerative disease, and psychiatry."
biochemistry_biophysics,Biochemistry & Biophysics,"Structural and functional studies of proteins, macromolecular complexes, membranes, and metabolic pathways using biophysical and biochemical approaches. Includes cryo-EM, spectroscopy, enzyme kinetics, lipid biology, and molecular dynamics relevant to understanding biological function at atomic and molecular resolution."
bioethics_medical_humanities,"Bioethics, Medical Humanities & Clinician Wellbeing","Research examining ethical frameworks in medicine, patient autonomy, clinical decision-making, AI ethics in healthcare, and the philosophical foundations of biomedical ethics. Includes clinician burnout, moral distress, resilience, narrative medicine, and the role of humanities in medical education and professional identity."
biomedical_engineering,Biomedical Engineering,"Engineering-driven research applied to medical problems representing a distinct departmental identity at academic medical centers. Includes medical device development, biomaterials, tissue engineering scaffolds, wearable sensors, robotic surgical systems, and the application of engineering principles to clinical and biological challenges."
biomedical_informatics,Biomedical Informatics,"Research applying computational methods, natural language processing, machine learning, and data infrastructure to clinical and biomedical problems as a distinct departmental and institutional identity. Includes electronic health records, clinical decision support, computable phenotyping, and knowledge representation for biomedical discovery."
biostatistics_quantitative_sciences,Biostatistics & Quantitative Health Sciences,"Research on statistical methodology, study design, causal inference, and quantitative methods applied to biomedical and clinical research. Covers clinical trial design, Bayesian methods, survival analysis, comparative effectiveness research, real-world evidence generation, and the methodological foundations of evidence-based medicine."
breast_cancer,Breast Cancer,"Research on breast cancer biology, screening, diagnosis, and treatment including hormone receptor biology, HER2-targeted therapy, triple-negative breast cancer, surgical and radiation approaches, survivorship, and disparities in breast cancer outcomes."
cancer_biology_general,Cancer Biology (General),"Cross-cutting cancer research spanning tumor biology, metastasis, tumor microenvironment, angiogenesis, cancer metabolism, and molecular mechanisms of malignancy not specific to a single cancer type. Includes cancer modeling, drug resistance mechanisms, and foundational oncologic science."
cardiovascular_disease,Cardiovascular Disease,"Clinical and translational research on heart and vascular conditions including heart failure, coronary artery disease, arrhythmias, valvular disease, cardiomyopathy, and vascular surgery. Encompasses cardiac imaging, interventional cardiology, cardiac surgery outcomes, and basic cardiovascular biology. Includes both structural heart disease and cardiovascular risk factor management."
cell_molecular_biology,Cell & Molecular Biology,"Foundational research into cellular mechanisms, molecular signaling pathways, gene regulation, and biochemical processes underlying physiology and disease. Encompasses cell cycle regulation, protein function, organelle biology, RNA biology, epigenetic regulation, and intracellular signaling across disease contexts."
clinical_neurology,Clinical Neurology,"Diagnosis, treatment, prognosis, and patient outcomes in neurologic disease, including stroke, epilepsy, headache, multiple sclerosis, brain and spinal cord injury, movement disorders, neuromuscular disease, and neurologic critical care. Includes clinical neuroimaging and therapeutic neuromodulation. Distinct from basic neuroscience's mechanistic or experimental focus, psychiatry, and research centered specifically on progressive neurodegenerative pathology."
dermatology_skin_disease,Dermatology & Skin Disease,"Clinical and translational research on inflammatory, neoplastic, and infectious skin conditions including psoriasis, atopic dermatitis, melanoma, and rare dermatologic disorders. Encompasses skin biology, immunological mechanisms of skin disease, and therapeutic interventions across diverse skin types."
developmental_biology,Developmental Biology,"Research on organogenesis, cell differentiation, lineage specification, and developmental genetics using model organisms and stem cell systems. Encompasses embryonic development, congenital conditions, developmental signaling pathways, and the molecular regulation of tissue patterning and morphogenesis."
digital_health_telemedicine,Digital Health & Telemedicine,"Research evaluating technology-enabled care delivery models including telemedicine, mobile health applications, remote patient monitoring, and digital therapeutics. Examines clinical outcomes, patient satisfaction, access equity, and implementation of virtual and remote healthcare platforms."
drug_discovery_pharmacology,Drug Discovery & Pharmacology,"Research on identifying, developing, and characterizing novel therapeutic agents including small molecules, biologics, and drug delivery platforms. Encompasses target identification, high-throughput screening, structure-activity relationships, pharmacokinetics, and translational pharmacology bridging basic science to clinical application."
emergency_critical_care_medicine,Emergency & Critical Care Medicine,"Research on acute illness management in emergency departments and intensive care including trauma, sepsis, resuscitation science, triage systems, and ED operations. Covers acute organ failure management, emergency protocols, and outcomes in high-acuity settings. Distinct from Pulmonary & Critical Care (respiratory-focused) in its emphasis on emergency medicine workflows and multi-system critical illness."
environmental_planetary_health,Environmental & Planetary Health,"Research on how environmental exposures, climate change, occupational hazards, and ecological disruption affect human health. Covers air pollution, chemical exposures, the exposome, heat-related illness, and the intersection of environmental determinants with population health outcomes."
epidemiology_population_health,Epidemiology & Population Health,"Population-level research examining disease prevalence, incidence, risk factors, and health behaviors using observational and surveillance methods. Encompasses chronic disease epidemiology, social determinants modeling, community health interventions, and public health surveillance across diverse populations."
gastroenterology_hepatology,"Gastroenterology, Hepatology & Pancreatic Disease","Research on gastrointestinal, hepatobiliary, and pancreatic diseases including inflammatory bowel disease, cirrhosis, hepatitis, colorectal conditions, pancreatic cancer, and pancreatitis. Covers endoscopic interventions, gut microbiome biology, liver fibrosis mechanisms, and both medical and surgical management of GI, hepatobiliary, and pancreatic conditions."
gene_cell_therapy,Gene & Cell Therapy,"Translational research on therapeutic delivery of genetic material and cellular constructs for disease treatment including AAV-mediated gene delivery, CAR-T cell therapy, and pharmacological chaperone approaches. Covers vector design, safety characterization, and preclinical and clinical development of gene and cell-based therapeutics."
genetics_genomics_precision_medicine,"Genetics, Genomics & Precision Medicine","Research leveraging genetic and genomic data to understand disease mechanisms, population variation, and individualized clinical management. Includes GWAS, hereditary cancer genetics, pharmacogenomics, epigenomics, and the application of genomic information to precision diagnostics and therapeutics."
gi_cancer,Gastrointestinal Cancer,"Research on cancers of the gastrointestinal tract including colorectal, pancreatic, esophageal, gastric, and hepatocellular carcinoma. Covers molecular subtypes, surgical and endoscopic management, and systemic therapy approaches."
global_public_health,Global & Public Health,"Population-level research addressing disease burden, epidemiology, health disparities, and health systems across diverse geographic and demographic contexts including low- and middle-income countries. Covers public health surveillance, community-based interventions, and international health policy."
gynecologic_oncology,Gynecologic Oncology,"Research on ovarian, cervical, uterine, and vulvar cancers including molecular mechanisms, surgical management, systemic therapy, and screening strategies for gynecologic malignancies."
health_economics,Health Economics,"Research evaluating the economic dimensions of healthcare including cost-effectiveness analysis, healthcare financing, payment model innovation, pharmaceutical pricing, and the economic burden of disease. Addresses how economic incentives, market structures, and resource allocation shape healthcare delivery and patient outcomes."
health_equity_social_determinants,Health Equity & Social Determinants of Health,"Research examining racial, ethnic, socioeconomic, geographic, and structural disparities in health outcomes, healthcare access, and treatment. Addresses systemic factors driving health inequities including insurance status, neighborhood disadvantage, discrimination, and policy-level determinants. Includes structural equity within healthcare institutions, representation in the biomedical workforce, and diversity pipeline research."
health_services_policy,Health Services Research & Health Policy,"Population-level and systems-focused research on healthcare delivery, utilization, cost, quality, and policy interventions. Encompasses healthcare financing, insurance models, care coordination, value-based care, and the organization of health systems at institutional and national levels."
hematology,Hematology,"Research on blood cell disorders, coagulation, hematopoiesis, transfusion medicine, and hematologic malignancies. Covers both benign hematology (hemostasis, thrombosis, anemias, sickle cell disease) and blood cancers (leukemia, lymphoma, myeloma). Blood cancers are shared with Oncology; hematology emphasizes the hematologic biology and bone marrow context."
immunology_inflammation,Immunology & Inflammation,"Fundamental research on immune cell biology, inflammatory signaling, and immune regulation including innate and adaptive immunity, cytokine pathways, immune checkpoint biology, and inflammatory mechanisms. Focuses on host immune regulation and non-organ-specific inflammatory conditions. Distinct from infectious disease (pathogen-focused) and autoimmune/rheumatologic disease (clinical autoimmune syndromes)."
infectious_disease_immunology,Infectious Disease & Host Defense,"Pathogen-focused research on bacterial, viral, fungal, and parasitic infections alongside host defense mechanisms, vaccine development, and antimicrobial resistance. Encompasses HIV, COVID-19, tuberculosis, hepatitis, and emerging infections. Distinct from Immunology & Inflammation (fundamental immune regulation) in its focus on pathogen biology and infection-specific immune responses."
lung_cancer,Lung Cancer,"Research on non-small cell and small cell lung cancer including molecular drivers (EGFR, ALK, KRAS), screening and early detection, surgical and systemic treatment strategies, and outcomes in lung malignancies."
maternal_child_health,Maternal & Child Health,"Population-level research on perinatal epidemiology, birth outcomes, child development, and community-based maternal-child interventions. Covers prenatal care access, infant mortality, childhood nutrition, and social determinants of maternal and child well-being. Distinct from Women's Health (clinical gynecology/reproductive medicine) and Pediatrics (clinical pediatric specialty research)."
medical_education_workforce,Medical Education & Healthcare Workforce,"Research on training, curriculum development, competency assessment, and professional development across medical specialties and healthcare professions. Addresses residency/fellowship education, simulation-based training, faculty development, workforce well-being, burnout, and diversity/equity initiatives within academic medicine and the healthcare workforce."
melanoma_skin_cancer,Melanoma & Skin Cancer,"Research on melanoma, non-melanoma skin cancers, and cutaneous lymphoma including molecular biology, immunotherapy response, surgical management, and early detection strategies."
mental_health_psychiatry,Mental Health & Psychiatry,"Clinical and translational research on psychiatric conditions including depression, anxiety, schizophrenia, bipolar disorder, PTSD, and behavioral health across the lifespan. Covers neurobiological mechanisms, pharmacological and psychotherapeutic interventions, and mental health services delivery. Substance use disorders are primarily covered under Substance Use & Addiction Medicine."
metabolic_endocrine_disease,Metabolic & Endocrine Disease,"Research on diabetes, obesity, thyroid disease, adrenal disorders, and related metabolic conditions including insulin resistance, lipid metabolism, and hormonal regulation. Spans molecular mechanisms of metabolic dysfunction through clinical management of endocrine disorders and their systemic complications."
microbiome_research,Microbiome Research,"Research on microbial communities and their interactions with host biology in health and disease contexts including gut, oral, skin, and respiratory microbiomes. Covers microbiome composition, host-microbe interactions, metabolomics, and therapeutic manipulation of microbial communities."
musculoskeletal_orthopedic_medicine,Musculoskeletal & Orthopedic Medicine,"Research on bone, joint, cartilage, spine, and connective tissue conditions including osteoarthritis, fractures, spinal disorders, and orthopedic surgical outcomes. Spans basic bone and cartilage biology, biomechanics, sports medicine, and clinical surgical management. Inflammatory arthritides primarily sit under Autoimmune & Rheumatologic Disease."
nephrology_renal_disease,Nephrology & Renal Disease,"Research on acute kidney injury, chronic kidney disease progression, renal physiology, and kidney transplantation. Encompasses biomarker discovery, renal replacement therapy, electrolyte homeostasis, and both molecular mechanisms and clinical management of kidney disease."
neuro_oncology,Neuro-Oncology,"Research on primary brain tumors including glioma, glioblastoma, meningioma, and CNS lymphoma. Covers tumor biology, surgical and radiation treatment, blood-brain barrier challenges, and outcomes in central nervous system malignancies."
neurodegenerative_disease,Neurodegenerative Disease,"Research focused on progressive neurological conditions including Alzheimer's disease, Parkinson's disease, ALS, Huntington's disease, and related tauopathies and proteinopathies. Covers molecular mechanisms of neurodegeneration, biomarker discovery, neuroprotective strategies, and clinical disease management."
nutrition_metabolism,Nutrition & Metabolism,"Research on dietary patterns, nutrient metabolism, nutritional biochemistry, and their effects on disease risk and cellular function. Encompasses metabolomics, dietary interventions, nutritional epidemiology, and the molecular mechanisms linking nutrition to metabolic health and disease."
ophthalmology_vision_science,Ophthalmology & Vision Science,"Clinical and translational research on eye diseases including age-related macular degeneration, glaucoma, diabetic retinopathy, and retinal disorders. Covers ocular biology, gene therapy for retinal disease, diagnostic imaging, and surgical interventions for ophthalmic conditions."
otolaryngology_head_neck,Otolaryngology & Head and Neck Medicine,"Research on disorders of the ear, nose, throat, larynx, and head and neck structures including head and neck cancers, voice disorders, swallowing dysfunction, hearing loss, and sinonasal conditions. Covers both functional and oncologic conditions of the upper aerodigestive tract."
pain_medicine,Pain Medicine,"Assessment and management of pain as a primary clinical problem, including chronic, cancer-related, neuropathic, and complex acute pain; multimodal analgesia; interventional pain procedures; and opioid stewardship. Includes pain biology when directly connected to assessment or treatment. Distinct from anesthesiology, where anesthesia, sedation, or perioperative physiologic management is the primary focus; substance use and addiction medicine; and rehabilitation-focused restoration of function."
palliative_end_of_life_care,Palliative & End-of-Life Care,"Research on symptom management, goals-of-care communication, hospice utilization, and quality of life for seriously ill patients and their caregivers. Encompasses advance care planning, end-of-life decision-making, spiritual care, and the psychosocial dimensions of serious illness."
pathology_laboratory_medicine,Pathology & Laboratory Medicine,"Research in anatomic and clinical pathology, histopathology, cytopathology, clinical chemistry, and laboratory diagnostics. Covers tissue-based disease characterization, molecular pathology, digital pathology, and the development and validation of laboratory assays for clinical diagnosis and disease monitoring."
pediatrics_neonatology,Pediatrics & Neonatology,"Clinical and translational research focused on health conditions, development, and care delivery in neonatal, infant, and pediatric populations. Encompasses preterm infant management, pediatric disease across organ systems, neurodevelopmental conditions, and age-specific clinical challenges from birth through adolescence."
primary_care_general_medicine,Primary Care & General Internal Medicine,"Research on care delivery, patient-provider communication, preventive medicine, and chronic disease management in primary and ambulatory care settings. Encompasses care coordination, patient education, caregiver support, and the organization of generalist medical practice."
prostate_urologic_cancer,Prostate & Urologic Cancer,"Research on prostate cancer, bladder cancer, kidney cancer, and testicular cancer including active surveillance, surgical management, radiation therapy, and biomarker-driven treatment decisions in genitourinary oncology."
pulmonary_critical_care,Pulmonary & Critical Care Medicine,"Research on chronic and acute lung diseases including COPD, interstitial lung disease, asthma, pulmonary fibrosis, and respiratory infections. Covers airway biology, mechanical ventilation, and ICU management of respiratory failure. Distinct from Emergency & Critical Care Medicine (ED workflows, trauma, triage, resuscitation) in its focus on pulmonary biology and respiratory-focused critical care."
radiology_medical_imaging,"Radiology, Medical Imaging & Medical Physics","Research on diagnostic and interventional imaging technologies, radiation physics, and their clinical applications including MRI, CT, PET, ultrasound, nuclear medicine, interventional radiology, and radiation dosimetry. Encompasses imaging physics, AI-assisted image analysis, imaging biomarkers, treatment planning, and medical physics as a clinical and academic discipline."
rehabilitation_disability_medicine,Rehabilitation & Disability Medicine,"Research on functional recovery, disability management, and rehabilitation outcomes following illness, injury, or congenital conditions. Covers physical and cognitive rehabilitation, assistive technology, disability policy, and quality of life in populations with functional impairments."
research_infrastructure_workforce,Research Infrastructure & Scientific Workforce,"Studies addressing the organizational, methodological, and human dimensions of academic research including biobanking, research data systems, peer review, scientific publishing, postdoctoral training, and the sustainability of the biomedical research enterprise. Supports institutional research capacity and workforce development."
single_cell_spatial_biology,Single-Cell & Spatial Biology,"Research leveraging single-cell genomics, transcriptomics, proteomics, and spatial multi-omics to characterize cellular heterogeneity, tissue architecture, and cell-state dynamics in health and disease. Represents an emerging methodological and scientific domain with broad applications across organ systems and disease areas."
sleep_medicine_circadian_biology,Sleep Medicine & Circadian Biology,"Research on sleep disorders, circadian rhythm regulation, and the physiological and molecular mechanisms of sleep-wake cycles. Covers obstructive sleep apnea, insomnia, narcolepsy, circadian clock biology, and the impact of sleep disruption on metabolic, cardiovascular, cognitive, and psychiatric health."
stem_cell_regenerative_medicine,Stem Cell & Regenerative Medicine,"Research on cellular reprogramming, tissue regeneration, and stem cell biology including iPSC generation, organoid models, hematopoietic stem cell biology, and tissue engineering. Covers both methodological advances in cell-based approaches and fundamental biology of tissue repair and regeneration."
substance_use_addiction_medicine,Substance Use & Addiction Medicine,"Research on opioid, alcohol, and other substance use disorders including epidemiology, treatment strategies, harm reduction, and policy. Covers medication-assisted treatment, naloxone distribution, opioid prescribing practices, and the neurobiological and social determinants of addiction."
surgery_perioperative_medicine,Surgery & Perioperative Medicine,"Research on surgical techniques, outcomes, and perioperative management across specialties including general, thoracic, vascular, and minimally invasive surgery. Covers operative technique evaluation, perioperative risk stratification, postoperative complications, and quality improvement in surgical care."
systems_biology,Systems Biology,"Research integrating multi-omics data, computational modeling, and network analysis to understand complex biological systems and emergent properties of cellular and organismal function. Encompasses pathway analysis, gene regulatory networks, protein interaction networks, and quantitative modeling of biological processes."
translational_clinical_science,Translational & Clinical Science,"Research infrastructure and methodology supporting the translation of basic discoveries to clinical application including clinical trial science, biomarker validation, patient-oriented research, and CTSA-supported translational research programs. Addresses the organizational and methodological foundations of bench-to-bedside research."
transplantation_medicine,Transplantation Medicine,"Clinical and translational research on solid organ and hematopoietic stem cell transplantation including donor-recipient matching, rejection mechanisms, immunosuppression, post-transplant complications, and long-term outcomes. Covers kidney, liver, heart, lung, and bone marrow transplantation."
urology_mens_health,Urology & Men's Health,"Clinical and translational research on urological conditions including prostate cancer, bladder cancer, benign prostatic hyperplasia, kidney stones, and male reproductive health. Encompasses urological surgery, imaging-guided diagnosis, and both oncologic and functional urological outcomes."
womens_health_reproductive_medicine,Women's Health & Reproductive Medicine,"Research on gynecology, reproductive endocrinology, fertility, menopause, and sex-specific health conditions across the female lifespan. Encompasses gynecologic oncology, assisted reproductive technologies, contraception, and biological sex differences in disease. Distinct from Maternal & Child Health (population-level perinatal epidemiology and public health)."
