area,label,papers,status,homes,largest_dept
aging_geroscience,Aging & Geroscience,488,home,"Medicine / Geriatrics and Palliative Medicine (lift 13.132, n=140); Emergency Medicine (lift 4.073, n=55); Psychiatry (lift 3.143, n=47)",Medicine (51%)
anesthesiology,Anesthesiology,130,home,"Anesthesiology (lift 19.669, n=101)",Anesthesiology (78%)
autoimmune_rheumatologic_disease,Autoimmune & Rheumatologic Disease,108,low_volume,,Medicine (44%)
basic_neuroscience,Basic Neuroscience,479,home,"Brain and Mind Research (lift 10.658, n=144); Biochemistry and Biophysics (lift 5.318, n=48); Psychiatry (lift 5.178, n=76); Radiology (lift 2.66, n=102)",Brain and Mind Research (30%)
biochemistry_biophysics,Biochemistry & Biophysics,489,home,"Biochemistry and Biophysics (lift 12.48, n=115); Microbiology and Immunology (lift 6.376, n=72); Pharmacology (lift 6.255, n=81); Anesthesiology (lift 2.899, n=56)",Biochemistry and Biophysics (24%)
bioethics_medical_humanities,"Bioethics, Medical Humanities & Clinician Wellbeing",280,home,"Medicine / Medical Ethics (lift 41.108, n=65); Radiology (lift 2.097, n=47)",Medicine (49%)
biomedical_engineering,Biomedical Engineering,229,home,"Surgery (lift 3.669, n=47); Medicine / Cardiology (lift 3.153, n=27); Neurological Surgery (lift 3.128, n=29); Radiology (lift 2.728, n=50)",Radiology (22%)
biomedical_informatics,Biomedical Informatics,646,home,"Population Health Sciences (lift 2.684, n=280); Otolaryngology Head and Neck Surgery (lift 2.225, n=27); Systems and Computational Biomedicine (lift 2.16, n=78); Radiology (lift 2.108, n=109)",Population Health Sciences (43%)
biostatistics_quantitative_sciences,Biostatistics & Quantitative Health Sciences,831,home,"Population Health Sciences / Epidemiology (lift 3.054, n=108); Population Health Sciences / Comparative Effectiveness and Outcomes (lift 2.839, n=92); Population Health Sciences (lift 2.646, n=355); Cardiothoracic Surgery (lift 2.054, n=58)",Population Health Sciences (43%)
breast_cancer,Breast Cancer,366,home,"Surgery / Plastic and Reconstructive Surgery (lift 10.815, n=36); Population Health Sciences / Epidemiology (lift 5.906, n=92); Surgery (lift 3.761, n=77); Medicine / Hematology and Medical Oncology (lift 2.745, n=71)",Population Health Sciences (30%)
cancer_biology_general,Cancer Biology (General),667,home,"Radiation Oncology (lift 4.902, n=31); Pharmacology (lift 4.812, n=85); Systems and Computational Biomedicine (lift 4.103, n=153); Pathology and Laboratory Medicine (lift 4.048, n=234)",Medicine (40%)
cardiovascular_disease,Cardiovascular Disease,1212,home,"Medicine / Cardiology (lift 8.407, n=381); Surgery / Vascular Surgery (lift 7.592, n=32); Cardiothoracic Surgery (lift 6.363, n=262); Population Health Sciences / Comparative Effectiveness and Outcomes (lift 2.285, n=108)",Medicine (52%)
cell_molecular_biology,Cell & Molecular Biology,1590,home,"Biochemistry and Biophysics (lift 5.374, n=161); Cell and Developmental Biology (lift 5.051, n=37); Pharmacology (lift 4.156, n=175); Microbiology and Immunology (lift 3.949, n=145)",Medicine (32%)
clinical_neurology,Clinical Neurology,827,home,"Neurology (lift 9.573, n=288); Neurological Surgery (lift 5.347, n=179); Radiology / Diagnostic and Interventional Radiology (lift 4.909, n=59); Surgery / Plastic and Reconstructive Surgery (lift 3.457, n=26)",Neurology (35%)
dermatology_skin_disease,Dermatology & Skin Disease,165,home,"Dermatology (lift 59.307, n=89); Pathology and Laboratory Medicine (lift 2.447, n=35)",Dermatology (54%)
developmental_biology,Developmental Biology,169,home,"Medicine / Regenerative Medicine (lift 14.682, n=25)",Medicine (35%)
digital_health_telemedicine,Digital Health & Telemedicine,343,home,"Medicine / Geriatrics and Palliative Medicine (lift 7.34, n=55); Psychiatry (lift 4.376, n=46); Population Health Sciences / Health Policy and Economics (lift 3.39, n=31); Emergency Medicine (lift 3.161, n=30)",Medicine (41%)
drug_discovery_pharmacology,Drug Discovery & Pharmacology,754,home,"Pharmacology (lift 4.457, n=89); Microbiology and Immunology (lift 3.848, n=67); Biochemistry and Biophysics (lift 2.534, n=36); Medicine / Hematology and Medical Oncology (lift 2.402, n=128)",Medicine (43%)
emergency_critical_care_medicine,Emergency & Critical Care Medicine,501,home,"Surgery / Critical Care, Trauma and Burn Surgery (lift 12.29, n=28); Emergency Medicine (lift 10.387, n=144); Medicine / Pulmonary Medicine and Critical Care (lift 3.326, n=37); Anesthesiology (lift 3.133, n=62)",Emergency Medicine (29%)
environmental_planetary_health,Environmental & Planetary Health,94,low_volume,,Medicine (38%)
epidemiology_population_health,Epidemiology & Population Health,1906,home,"Population Health Sciences / Epidemiology (lift 3.378, n=274); Medicine / General Internal Medicine (lift 2.477, n=317); Population Health Sciences / Health Policy and Economics (lift 2.106, n=107)",Medicine (38%)
gastroenterology_hepatology,"Gastroenterology, Hepatology & Pancreatic Disease",638,home,"Medicine / Gastroenterology and Hepatology (lift 10.72, n=348); Surgery (lift 3.222, n=115)",Medicine (69%)
gi_cancer,Gastrointestinal Cancer,213,home,"Surgery (lift 4.197, n=50); Medicine / Gastroenterology and Hepatology (lift 3.691, n=40); Medicine / Hematology and Medical Oncology (lift 3.188, n=48); Pathology and Laboratory Medicine (lift 2.979, n=55)",Medicine (46%)
gene_cell_therapy,Gene & Cell Therapy,142,home,"Genetic Medicine (lift 15.112, n=28); Medicine / Hematology and Medical Oncology (lift 2.79, n=28)",Medicine (46%)
genetics_genomics_precision_medicine,"Genetics, Genomics & Precision Medicine",903,home,"Obstetrics and Gynecology / Gyn-Oncology (lift 5.54, n=40); Systems and Computational Biomedicine (lift 4.298, n=217); Genetic Medicine (lift 3.055, n=36); Pathology and Laboratory Medicine (lift 2.939, n=230)",Medicine (38%)
global_public_health,Global & Public Health,774,home,"Population Health Sciences / Epidemiology (lift 4.675, n=154); Emergency Medicine (lift 4.342, n=93); Medicine / Infectious Diseases (lift 4.035, n=163); Medicine / General Internal Medicine (lift 2.675, n=139)",Medicine (41%)
gynecologic_oncology,Gynecologic Oncology,103,home,"Obstetrics and Gynecology / Gyn-Oncology (lift 49.787, n=41); Obstetrics and Gynecology / General Obstetrics and Gynecology (lift 35.043, n=28); Obstetrics and Gynecology (lift 13.095, n=55)",Obstetrics and Gynecology (53%)
health_economics,Health Economics,352,home,"Population Health Sciences / Health Policy and Economics (lift 11.934, n=112); Population Health Sciences / Comparative Effectiveness and Outcomes (lift 4.954, n=68); Population Health Sciences (lift 3.501, n=199)",Population Health Sciences (57%)
health_equity_social_determinants,Health Equity & Social Determinants of Health,987,home,"Medicine / General Internal Medicine (lift 3.275, n=217); Population Health Sciences / Health Policy and Economics (lift 2.508, n=66); Emergency Medicine (lift 2.124, n=58)",Medicine (40%)
health_services_policy,Health Services Research & Health Policy,1540,home,"Population Health Sciences / Health Policy and Economics (lift 5.139, n=211); Population Health Sciences / Comparative Effectiveness and Outcomes (lift 3.647, n=219); Emergency Medicine (lift 2.558, n=109); Population Health Sciences (lift 2.087, n=519)",Medicine (35%)
hematology,Hematology,494,home,"Pediatrics / Hematology and Oncology (lift 7.653, n=30); Medicine / Hematology and Medical Oncology (lift 5.929, n=207); Pathology and Laboratory Medicine (lift 2.966, n=127); Pediatrics (lift 2.405, n=70)",Medicine (57%)
immunology_inflammation,Immunology & Inflammation,892,home,"Pediatrics / Infectious Disease (lift 5.017, n=27); Radiation Oncology (lift 4.611, n=39); Pediatrics / Hematology and Oncology (lift 3.532, n=25); Medicine / Nephrology and Hypertension (lift 2.715, n=38)",Medicine (48%)
infectious_disease_immunology,Infectious Disease & Host Defense,1152,home,"Pediatrics / Infectious Disease (lift 6.762, n=47); Medicine / Infectious Diseases (lift 5.472, n=329); Microbiology and Immunology (lift 4.247, n=113); Population Health Sciences / Epidemiology (lift 2.549, n=125)",Medicine (53%)
lung_cancer,Lung Cancer,115,home,"Cardiothoracic Surgery (lift 10.239, n=40)",Cardiothoracic Surgery (35%)
maternal_child_health,Maternal & Child Health,377,home,"Obstetrics and Gynecology / Maternal Fetal Medicine (lift 17.249, n=69); Obstetrics and Gynecology (lift 9.757, n=150); Pediatrics (lift 2.837, n=63)",Obstetrics and Gynecology (40%)
medical_education_workforce,Medical Education & Healthcare Workforce,587,home,"Pediatrics / General Pediatrics (lift 6.272, n=36); Emergency Medicine (lift 3.571, n=58); Medicine / Geriatrics and Palliative Medicine (lift 3.275, n=42); Medicine / General Internal Medicine (lift 2.284, n=90)",Medicine (32%)
melanoma_skin_cancer,Melanoma & Skin Cancer,73,low_volume,,Medicine (45%)
mental_health_psychiatry,Mental Health & Psychiatry,596,home,"Psychiatry / Hospital Programs (lift 16.742, n=78); Psychiatry (lift 12.593, n=230); Medicine / Geriatrics and Palliative Medicine (lift 3.917, n=51)",Psychiatry (39%)
metabolic_endocrine_disease,Metabolic & Endocrine Disease,601,home,"Medicine / Endocrinology Diabetes and Metabolism (lift 11.619, n=165); Genetic Medicine (lift 3.443, n=27); Medicine / Gastroenterology and Hepatology (lift 2.42, n=74)",Medicine (58%)
microbiome_research,Microbiome Research,132,home,"Medicine / Gastroenterology and Hepatology (lift 5.658, n=38)",Medicine (62%)
musculoskeletal_orthopedic_medicine,Musculoskeletal & Orthopedic Medicine,323,home,"Neurological Surgery (lift 12.466, n=163)",Neurological Surgery (50%)
nephrology_renal_disease,Nephrology & Renal Disease,251,home,"Medicine / Nephrology and Hypertension (lift 24.625, n=97)",Medicine (57%)
neuro_oncology,Neuro-Oncology,111,home,"Neurological Surgery (lift 12.685, n=57); Neurology (lift 6.934, n=28); Pathology and Laboratory Medicine (lift 3.43, n=33); Radiology (lift 3.377, n=30)",Neurological Surgery (51%)
neurodegenerative_disease,Neurodegenerative Disease,267,home,"Radiology / Diagnostic and Interventional Radiology (lift 13.142, n=51); Brain and Mind Research (lift 7.701, n=58); Radiology (lift 4.258, n=91); Neurology (lift 4.221, n=41)",Radiology (34%)
nutrition_metabolism,Nutrition & Metabolism,225,home,"Pharmacology (lift 5.37, n=32); Medicine / Endocrinology Diabetes and Metabolism (lift 4.89, n=26); Population Health Sciences / Epidemiology (lift 2.715, n=26); Systems and Computational Biomedicine (lift 2.305, n=29)",Medicine (43%)
ophthalmology_vision_science,Ophthalmology & Vision Science,173,home,"Ophthalmology (lift 58.782, n=94); Medicine / Endocrinology Diabetes and Metabolism (lift 10.764, n=44)",Ophthalmology (54%)
otolaryngology_head_neck,Otolaryngology & Head and Neck Medicine,262,home,"Otolaryngology Head and Neck Surgery (lift 41.248, n=203)",Otolaryngology Head and Neck Surgery (77%)
pain_medicine,Pain Medicine,232,home,"Surgery / Plastic and Reconstructive Surgery (lift 13.27, n=28); Medicine / Geriatrics and Palliative Medicine (lift 6.511, n=33); Anesthesiology (lift 4.91, n=45); Surgery (lift 2.62, n=34)",Medicine (28%)
palliative_end_of_life_care,Palliative & End-of-Life Care,198,home,"Medicine / Geriatrics and Palliative Medicine (lift 19.882, n=86); Radiology (lift 3.092, n=49)",Medicine (66%)
pathology_laboratory_medicine,Pathology & Laboratory Medicine,734,home,"Pathology and Laboratory Medicine (lift 5.36, n=341); Medicine / Nephrology and Hypertension (lift 3.212, n=37); Systems and Computational Biomedicine (lift 2.047, n=84)",Pathology and Laboratory Medicine (46%)
pediatrics_neonatology,Pediatrics & Neonatology,655,home,"Pediatrics / Newborn Medicine (lift 16.052, n=35); Pediatrics / General Pediatrics (lift 9.524, n=61); Pediatrics / Infectious Disease (lift 8.35, n=33); Pediatrics (lift 8.241, n=318)",Pediatrics (49%)
primary_care_general_medicine,Primary Care & General Internal Medicine,260,home,"Medicine / General Internal Medicine (lift 6.645, n=116); Medicine / Geriatrics and Palliative Medicine (lift 5.106, n=29); Population Health Sciences / Health Policy and Economics (lift 4.184, n=29); Medicine (lift 2.015, n=184)",Medicine (71%)
prostate_urologic_cancer,Prostate & Urologic Cancer,276,home,"Urology (lift 17.25, n=105); Medicine / Hematology and Medical Oncology (lift 5.331, n=104); Pathology and Laboratory Medicine (lift 2.592, n=62); Radiology (lift 2.263, n=50)",Medicine (41%)
pulmonary_critical_care,Pulmonary & Critical Care Medicine,339,home,"Medicine / Pulmonary Medicine and Critical Care (lift 17.803, n=134); Medicine / Cardiology (lift 2.682, n=34); Anesthesiology (lift 2.24, n=30)",Medicine (63%)
radiology_medical_imaging,"Radiology, Medical Imaging & Medical Physics",998,home,"Radiology / Diagnostic and Interventional Radiology (lift 8.549, n=124); Radiology (lift 7.661, n=612); Neurological Surgery (lift 2.648, n=107)",Radiology (61%)
rehabilitation_disability_medicine,Rehabilitation & Disability Medicine,176,home,"Neurological Surgery (lift 4.491, n=32)",Medicine (32%)
research_infrastructure_workforce,Research Infrastructure & Scientific Workforce,217,low_volume,,Medicine (27%)
single_cell_spatial_biology,Single-Cell & Spatial Biology,240,home,"Systems and Computational Biomedicine (lift 4.621, n=62); Brain and Mind Research (lift 3.841, n=26); Pathology and Laboratory Medicine (lift 2.836, n=59); Medicine / Hematology and Medical Oncology (lift 2.181, n=37)",Medicine (44%)
sleep_medicine_circadian_biology,Sleep Medicine & Circadian Biology,65,low_volume,,Medicine (42%)
stem_cell_regenerative_medicine,Stem Cell & Regenerative Medicine,268,home,"Medicine / Regenerative Medicine (lift 15.183, n=41); Surgery (lift 3.402, n=51); Systems and Computational Biomedicine (lift 2.403, n=36); Pathology and Laboratory Medicine (lift 2.368, n=55)",Medicine (40%)
substance_use_addiction_medicine,Substance Use & Addiction Medicine,277,home,"Population Health Sciences / Comparative Effectiveness and Outcomes (lift 12.035, n=130); Psychiatry (lift 4.006, n=34); Population Health Sciences / Health Policy and Economics (lift 3.927, n=29); Population Health Sciences (lift 3.421, n=153)",Population Health Sciences (55%)
surgery_perioperative_medicine,Surgery & Perioperative Medicine,1396,home,"Surgery / Plastic and Reconstructive Surgery (lift 8.349, n=106); Surgery / Vascular Surgery (lift 7.004, n=34); Cardiothoracic Surgery (lift 5.546, n=263); Neurological Surgery (lift 4.76, n=269)",Surgery (25%)
systems_biology,Systems Biology,298,home,"Systems and Computational Biomedicine (lift 6.542, n=109); Pathology and Laboratory Medicine (lift 2.323, n=60)",Systems and Computational Biomedicine (37%)
translational_clinical_science,Translational & Clinical Science,1277,home,"Medicine / Hematology and Medical Oncology (lift 3.036, n=274); Pediatrics / Hematology and Oncology (lift 2.467, n=25); Medicine / Nephrology and Hypertension (lift 2.046, n=41)",Medicine (50%)
transplantation_medicine,Transplantation Medicine,212,home,"Medicine / Nephrology and Hypertension (lift 17.133, n=57); Medicine / Gastroenterology and Hepatology (lift 3.245, n=35); Medicine / Hematology and Medical Oncology (lift 2.736, n=41); Surgery (lift 2.192, n=26)",Medicine (73%)
urology_mens_health,Urology & Men's Health,371,home,"Urology (lift 21.755, n=178); Medicine / Hematology and Medical Oncology (lift 3.737, n=98)",Urology (48%)
womens_health_reproductive_medicine,Women's Health & Reproductive Medicine,599,home,"Obstetrics and Gynecology / General Obstetrics and Gynecology (lift 12.052, n=56); Obstetrics and Gynecology (lift 10.276, n=251); Obstetrics and Gynecology / Gyn-Oncology (lift 10.231, n=49); Obstetrics and Gynecology / Maternal Fetal Medicine (lift 8.811, n=56)",Obstetrics and Gynecology (42%)
