level,unit,unit_name,status,areas
department,N1140,Anesthesiology,covered,"Anesthesiology (lift 19.669, n=101); Pain Medicine (lift 4.91, n=45); Emergency & Critical Care Medicine (lift 3.133, n=62); Biochemistry & Biophysics (lift 2.899, n=56)"
department,N1700,Biochemistry and Biophysics,covered,"Biochemistry & Biophysics (lift 12.48, n=115); Cell & Molecular Biology (lift 5.374, n=161); Basic Neuroscience (lift 5.318, n=48); Drug Discovery & Pharmacology (lift 2.534, n=36)"
department,N1760,Brain and Mind Research,covered,"Basic Neuroscience (lift 10.658, n=144); Neurodegenerative Disease (lift 7.701, n=58); Single-Cell & Spatial Biology (lift 3.841, n=26); Cell & Molecular Biology (lift 3.746, n=168)"
department,N1160,Cardiothoracic Surgery,covered,"Lung Cancer (lift 10.239, n=40); Cardiovascular Disease (lift 6.363, n=262); Surgery & Perioperative Medicine (lift 5.546, n=263); Biostatistics & Quantitative Health Sciences (lift 2.054, n=58)"
department,N1710,Cell and Developmental Biology,covered,"Cell & Molecular Biology (lift 5.051, n=37)"
department,N1220,Dermatology,covered,"Dermatology & Skin Disease (lift 59.307, n=89)"
department,N1240,Emergency Medicine,covered,"Emergency & Critical Care Medicine (lift 10.387, n=144); Global & Public Health (lift 4.342, n=93); Aging & Geroscience (lift 4.073, n=55); Medical Education & Healthcare Workforce (lift 3.571, n=58)"
department,N1720,Genetic Medicine,covered,"Gene & Cell Therapy (lift 15.112, n=28); Metabolic & Endocrine Disease (lift 3.443, n=27); Genetics, Genomics & Precision Medicine (lift 3.055, n=36); Cell & Molecular Biology (lift 2.265, n=47)"
department,N1932,Library,low_volume,"Research Infrastructure & Scientific Workforce (lift 14.01, n=15); Environmental & Planetary Health (lift 8.625, n=4); Microbiome Research (lift 4.606, n=3); Sleep Medicine & Circadian Biology (lift 3.118, n=1)"
department,N1280,Medicine,covered,"Transplantation Medicine (lift 2.068, n=154); Primary Care & General Internal Medicine (lift 2.015, n=184)"
department,N1730,Microbiology and Immunology,covered,"Biochemistry & Biophysics (lift 6.376, n=72); Infectious Disease & Host Defense (lift 4.247, n=113); Cell & Molecular Biology (lift 3.949, n=145); Drug Discovery & Pharmacology (lift 3.848, n=67)"
department,N1320,Neurological Surgery,covered,"Neuro-Oncology (lift 12.685, n=57); Musculoskeletal & Orthopedic Medicine (lift 12.466, n=163); Clinical Neurology (lift 5.347, n=179); Surgery & Perioperative Medicine (lift 4.76, n=269)"
department,N1300,Neurology,covered,"Clinical Neurology (lift 9.573, n=288); Neuro-Oncology (lift 6.934, n=28); Neurodegenerative Disease (lift 4.221, n=41); Emergency & Critical Care Medicine (lift 2.963, n=54)"
department,N1340,Obstetrics and Gynecology,covered,"Gynecologic Oncology (lift 13.095, n=55); Women's Health & Reproductive Medicine (lift 10.276, n=251); Maternal & Child Health (lift 9.757, n=150); Genetics, Genomics & Precision Medicine (lift 2.2, n=81)"
department,N1360,Ophthalmology,covered,"Ophthalmology & Vision Science (lift 58.782, n=94)"
department,N8265,Orthopaedic Surgery,no_papers,
department,N1400,Otolaryngology Head and Neck Surgery,covered,"Otolaryngology & Head and Neck Medicine (lift 41.248, n=203); Surgery & Perioperative Medicine (lift 2.784, n=73); Biomedical Informatics (lift 2.225, n=27)"
department,N1420,Pathology and Laboratory Medicine,covered,"Pathology & Laboratory Medicine (lift 5.36, n=341); Cancer Biology (General) (lift 4.048, n=234); Neuro-Oncology (lift 3.43, n=33); Gastrointestinal Cancer (lift 2.979, n=55)"
department,N1440,Pediatrics,covered,"Pediatrics & Neonatology (lift 8.241, n=318); Maternal & Child Health (lift 2.837, n=63); Immunology & Inflammation (lift 2.55, n=134); Hematology (lift 2.405, n=70)"
department,N1750,Pharmacology,covered,"Biochemistry & Biophysics (lift 6.255, n=81); Nutrition & Metabolism (lift 5.37, n=32); Cancer Biology (General) (lift 4.812, n=85); Drug Discovery & Pharmacology (lift 4.457, n=89)"
department,N1480,Population Health Sciences,covered,"Health Economics (lift 3.501, n=199); Substance Use & Addiction Medicine (lift 3.421, n=153); Biomedical Informatics (lift 2.684, n=280); Biostatistics & Quantitative Health Sciences (lift 2.646, n=355)"
department,N1500,Psychiatry,covered,"Mental Health & Psychiatry (lift 12.593, n=230); Basic Neuroscience (lift 5.178, n=76); Digital Health & Telemedicine (lift 4.376, n=46); Substance Use & Addiction Medicine (lift 4.006, n=34)"
department,N1530,Radiation Oncology,covered,"Cancer Biology (General) (lift 4.902, n=31); Immunology & Inflammation (lift 4.611, n=39); Cell & Molecular Biology (lift 2.056, n=31)"
department,N1520,Radiology,covered,"Radiology, Medical Imaging & Medical Physics (lift 7.661, n=612); Neurodegenerative Disease (lift 4.258, n=91); Neuro-Oncology (lift 3.377, n=30); Palliative & End-of-Life Care (lift 3.092, n=49)"
department,N1540,Rehabilitation Medicine,low_volume,"Rehabilitation & Disability Medicine (lift 34.924, n=19); Musculoskeletal & Orthopedic Medicine (lift 23.036, n=23); Pain Medicine (lift 18.128, n=13); Sleep Medicine & Circadian Biology (lift 4.977, n=1)"
department,N1180,Reproductive Medicine,no_papers,
department,N1560,Surgery,covered,"Surgery & Perioperative Medicine (lift 4.405, n=344); Gastrointestinal Cancer (lift 4.197, n=50); Breast Cancer (lift 3.761, n=77); Biomedical Engineering (lift 3.669, n=47)"
department,N1740,Systems and Computational Biomedicine,covered,"Systems Biology (lift 6.542, n=109); Single-Cell & Spatial Biology (lift 4.621, n=62); Genetics, Genomics & Precision Medicine (lift 4.298, n=217); Cancer Biology (General) (lift 4.103, n=153)"
department,N1580,Urology,covered,"Urology & Men's Health (lift 21.755, n=178); Prostate & Urologic Cancer (lift 17.25, n=105); Surgery & Perioperative Medicine (lift 2.144, n=66)"
division,N6382,Medicine / Cardiology,covered,"Cardiovascular Disease (lift 8.407, n=381); Biomedical Engineering (lift 3.153, n=27); Pulmonary & Critical Care Medicine (lift 2.682, n=34)"
division,N6383,Medicine / Endocrinology Diabetes and Metabolism,covered,"Metabolic & Endocrine Disease (lift 11.619, n=165); Ophthalmology & Vision Science (lift 10.764, n=44); Nutrition & Metabolism (lift 4.89, n=26); Clinical Neurology (lift 3.122, n=61)"
division,N7453,Medicine / Gastroenterology and Hepatology,covered,"Gastroenterology, Hepatology & Pancreatic Disease (lift 10.72, n=348); Microbiome Research (lift 5.658, n=38); Gastrointestinal Cancer (lift 3.691, n=40); Transplantation Medicine (lift 3.245, n=35)"
division,N2856,Medicine / General Internal Medicine,covered,"Primary Care & General Internal Medicine (lift 6.645, n=116); Health Equity & Social Determinants of Health (lift 3.275, n=217); Global & Public Health (lift 2.675, n=139); Epidemiology & Population Health (lift 2.477, n=317)"
division,N8555,Medicine / Geriatrics and Palliative Medicine,covered,"Palliative & End-of-Life Care (lift 19.882, n=86); Aging & Geroscience (lift 13.132, n=140); Digital Health & Telemedicine (lift 7.34, n=55); Pain Medicine (lift 6.511, n=33)"
division,N3632,Medicine / Hematology and Medical Oncology,covered,"Hematology (lift 5.929, n=207); Prostate & Urologic Cancer (lift 5.331, n=104); Cancer Biology (General) (lift 3.903, n=184); Urology & Men's Health (lift 3.737, n=98)"
division,N7575,Medicine / Immunology,no_papers,
division,N4967,Medicine / Infectious Diseases,covered,"Infectious Disease & Host Defense (lift 5.472, n=329); Global & Public Health (lift 4.035, n=163); Substance Use & Addiction Medicine (lift 2.006, n=29)"
division,N5687,Medicine / Medical Ethics,covered,"Bioethics, Medical Humanities & Clinician Wellbeing (lift 41.108, n=65)"
division,N7812,Medicine / Nephrology and Hypertension,covered,"Nephrology & Renal Disease (lift 24.625, n=97); Transplantation Medicine (lift 17.133, n=57); Pathology & Laboratory Medicine (lift 3.212, n=37); Immunology & Inflammation (lift 2.715, n=38)"
division,N4237,Medicine / Public Health Programs,no_papers,
division,N6252,Medicine / Pulmonary Medicine and Critical Care,covered,"Pulmonary & Critical Care Medicine (lift 17.803, n=134); Emergency & Critical Care Medicine (lift 3.326, n=37); Infectious Disease & Host Defense (lift 2.346, n=60); Immunology & Inflammation (lift 2.222, n=44)"
division,N9332,Medicine / Regenerative Medicine,covered,"Stem Cell & Regenerative Medicine (lift 15.183, n=41); Developmental Biology (lift 14.682, n=25); Cell & Molecular Biology (lift 3.808, n=61)"
division,N6943,Medicine / Women's Health Center,no_papers,
division,N8524,Neurology / Neurophysiology,low_volume,"Clinical Neurology (lift 9.388, n=9); Emergency & Critical Care Medicine (lift 6.888, n=4); Neurodegenerative Disease (lift 6.462, n=2); Hematology (lift 3.493, n=2)"
division,N8764,Obstetrics and Gynecology / General Obstetrics and Gynecology,covered,"Gynecologic Oncology (lift 35.043, n=28); Women's Health & Reproductive Medicine (lift 12.052, n=56)"
division,N7773,Obstetrics and Gynecology / Gyn-Oncology,covered,"Gynecologic Oncology (lift 49.787, n=41); Women's Health & Reproductive Medicine (lift 10.231, n=49); Genetics, Genomics & Precision Medicine (lift 5.54, n=40)"
division,N3628,Obstetrics and Gynecology / Maternal Fetal Medicine,covered,"Maternal & Child Health (lift 17.249, n=69); Women's Health & Reproductive Medicine (lift 8.811, n=56)"
division,N5676,Pediatrics / Cardiology,low_volume,"Developmental Biology (lift 11.85, n=5); Stem Cell & Regenerative Medicine (lift 8.967, n=6); Pediatrics & Neonatology (lift 7.95, n=13); Cardiovascular Disease (lift 6.61, n=20)"
division,N7225,Pediatrics / Child Development,low_volume,"Nutrition & Metabolism (lift 16.615, n=1); Bioethics, Medical Humanities & Clinician Wellbeing (lift 13.351, n=1); Pediatrics & Neonatology (lift 11.415, n=2); Mental Health & Psychiatry (lift 6.272, n=1)"
division,N4328,Pediatrics / Endocrinology,low_volume,"Metabolic & Endocrine Disease (lift 13.062, n=14); Pediatrics & Neonatology (lift 12.842, n=15); Nutrition & Metabolism (lift 7.477, n=3); Environmental & Planetary Health (lift 5.965, n=1)"
division,N3252,Pediatrics / Gastroenterology,low_volume,"Microbiome Research (lift 16.769, n=5); Gastroenterology, Hepatology & Pancreatic Disease (lift 11.102, n=16); Pediatrics & Neonatology (lift 8.786, n=13); Single-Cell & Spatial Biology (lift 5.534, n=3)"
division,N5382,Pediatrics / General Pediatrics,covered,"Pediatrics & Neonatology (lift 9.524, n=61); Medical Education & Healthcare Workforce (lift 6.272, n=36)"
division,N7284,Pediatrics / Genetics,low_volume,"Maternal & Child Health (lift 15.749, n=3); Ophthalmology & Vision Science (lift 11.44, n=1); Nephrology & Renal Disease (lift 7.885, n=1); Substance Use & Addiction Medicine (lift 7.145, n=1)"
division,N8288,Pediatrics / Hematology and Oncology,covered,"Hematology (lift 7.653, n=30); Immunology & Inflammation (lift 3.532, n=25); Translational & Clinical Science (lift 2.467, n=25); Cell & Molecular Biology (lift 2.061, n=26)"
division,N8537,Pediatrics / Infectious Disease,covered,"Pediatrics & Neonatology (lift 8.35, n=33); Infectious Disease & Host Defense (lift 6.762, n=47); Immunology & Inflammation (lift 5.017, n=27)"
division,N5472,Pediatrics / Nephrology,low_volume,"Nephrology & Renal Disease (lift 33.052, n=18); Pediatrics & Neonatology (lift 10.555, n=15); Ophthalmology & Vision Science (lift 5.328, n=2); Hematology (lift 3.732, n=4)"
division,N3343,Pediatrics / Newborn Medicine,covered,"Pediatrics & Neonatology (lift 16.052, n=35)"
division,N3385,Pediatrics / Pulmonary and Allergy,low_volume,"Pulmonary & Critical Care Medicine (lift 18.282, n=21); Environmental & Planetary Health (lift 9.419, n=3); Pediatrics & Neonatology (lift 7.66, n=17); Nutrition & Metabolism (lift 6.558, n=5)"
division,N2466,Population Health Sciences / Comparative Effectiveness and Outcomes,covered,"Substance Use & Addiction Medicine (lift 12.035, n=130); Health Economics (lift 4.954, n=68); Health Services Research & Health Policy (lift 3.647, n=219); Biostatistics & Quantitative Health Sciences (lift 2.839, n=92)"
division,N2787,Population Health Sciences / Epidemiology,covered,"Breast Cancer (lift 5.906, n=92); Global & Public Health (lift 4.675, n=154); Epidemiology & Population Health (lift 3.378, n=274); Biostatistics & Quantitative Health Sciences (lift 3.054, n=108)"
division,N3436,Population Health Sciences / Health Policy and Economics,covered,"Health Economics (lift 11.934, n=112); Health Services Research & Health Policy (lift 5.139, n=211); Primary Care & General Internal Medicine (lift 4.184, n=29); Substance Use & Addiction Medicine (lift 3.927, n=29)"
division,N2483,Population Health Sciences / Healthcare Delivery Srvc and Innovation,no_papers,
division,N7724,Psychiatry / Hospital Programs,covered,"Mental Health & Psychiatry (lift 16.742, n=78)"
division,N8835,Radiology / Diagnostic and Interventional Radiology,covered,"Neurodegenerative Disease (lift 13.142, n=51); Radiology, Medical Imaging & Medical Physics (lift 8.549, n=124); Clinical Neurology (lift 4.909, n=59)"
division,N6235,"Surgery / Critical Care, Trauma and Burn Surgery",covered,"Emergency & Critical Care Medicine (lift 12.29, n=28)"
division,N8758,Surgery / General Surgery,low_volume,"Surgery & Perioperative Medicine (lift 6.886, n=8); Breast Cancer (lift 6.566, n=2); Metabolic & Endocrine Disease (lift 5.998, n=3); Women's Health & Reproductive Medicine (lift 4.012, n=2)"
division,N3623,Surgery / Liver Transplantation Surgery,low_volume,"Transplantation Medicine (lift 35.267, n=10); Nephrology & Renal Disease (lift 20.851, n=7); Single-Cell & Spatial Biology (lift 6.231, n=2); Stem Cell & Regenerative Medicine (lift 5.58, n=2)"
division,N3763,Surgery / Oral and Maxillofacial Surgery,no_papers,
division,N7237,Surgery / Pediatric Surgery,low_volume,"Sleep Medicine & Circadian Biology (lift 15.224, n=1); Medical Education & Healthcare Workforce (lift 11.801, n=7); Gastrointestinal Cancer (lift 4.646, n=1); Biomedical Engineering (lift 4.321, n=1)"
division,N7778,Surgery / Plastic and Reconstructive Surgery,covered,"Pain Medicine (lift 13.27, n=28); Breast Cancer (lift 10.815, n=36); Surgery & Perioperative Medicine (lift 8.349, n=106); Clinical Neurology (lift 3.457, n=26)"
division,N7324,Surgery / Vascular Surgery,covered,"Cardiovascular Disease (lift 7.592, n=32); Surgery & Perioperative Medicine (lift 7.004, n=34)"
