frame,area_label,ref_name,relation,source,rationale,reviewer_agrees,reviewer_note
C1,"Radiology, Medical Imaging & Medical Physics",National Institute of Biomedical Imaging and Bioengineering,overlap,agreed,NIBIB funds imaging technology; area also covers clinical radiology practice.,,
C2,Mental Health & Psychiatry,Mental Health,exact,agreed,Both cover mental health research.,,
C2,Gastrointestinal Cancer,Stomach Cancer,area_broader,agreed,Gastric cancer named in area,,
C1,Hematology,National Cancer Institute,overlap,agreed,Blood cancers shared; benign hematology belongs to NHLBI.,,
C2,Urology & Men's Health,Interstitial Cystitis,area_broader,adjudicated,Interstitial cystitis is a functional urologic bladder condition.,,
C2,Biomedical Engineering,Biotechnology,overlap,gap_review,"Biotechnology and biomedical engineering share engineered biological systems, devices and platforms.",,
C2,Cardiovascular Disease,Hypertension,area_broader,agreed,Hypertension is a cardiovascular condition.,,
C1,Drug Discovery & Pharmacology,National Institute of General Medical Sciences,overlap,agreed,NIGMS funds pharmacology; translational drug development extends beyond.,,
C2,Health Services Research & Health Policy,Dissemination and Implementation Research,overlap,agreed,Implementation science is health services research,,
C1,Clinical Neurology,National Institute of Neurological Disorders and Stroke,area_narrower,agreed,Neurological disorders and stroke are core NINDS mission.,,
C2,"Gastroenterology, Hepatology & Pancreatic Disease",Hepatitis,area_broader,agreed,Hepatitis is a liver disease within hepatology.,,
C1,Developmental Biology,National Institute of General Medical Sciences,overlap,adjudicated,NIGMS funds fundamental developmental biology and model-organism developmental genetics.,,
C2,Neurodegenerative Disease,Transmissible Spongiform Encephalopathy (TSE),area_broader,agreed,Prion diseases are neurodegenerative proteinopathies,,
C2,Women's Health & Reproductive Medicine,Vaginal Cancer,area_broader,adjudicated,"Area explicitly encompasses gynecologic oncology, including vaginal cancer.",,
C2,Neurodegenerative Disease,Frontotemporal Dementia (FTD),area_broader,agreed,FTD is a neurodegenerative dementia.,,
C1,Global & Public Health,Fogarty International Center,overlap,agreed,FIC funds global health research and training; area also covers domestic public health.,,
C2,Women's Health & Reproductive Medicine,Maternal Health,overlap,adjudicated,Maternal health shares reproductive/female-specific scope; perinatal epidemiology lies elsewhere.,,
C2,Melanoma & Skin Cancer,Skin Cancer,exact,agreed,Skin cancer is same scope,,
C2,Transplantation Medicine,Organ Transplantation,area_broader,agreed,Solid organ transplantation is within the area.,,
C2,Infectious Disease & Host Defense,Vector-Borne Diseases,area_broader,agreed,Vector-borne infections,,
C2,Health Equity & Social Determinants of Health,Social Determinants of Health,area_broader,adjudicated,Social determinants of health is named in the area.,,
C2,Neurodegenerative Disease,Alzheimer's Disease,area_broader,agreed,Alzheimer's is a neurodegenerative disease,,
C1,Urology & Men's Health,National Institute of Diabetes and Digestive and Kidney Diseases,overlap,agreed,Benign urology is NIDDK; urologic cancers are NCI.,,
C2,Neurodegenerative Disease,Neurosciences,area_narrower,agreed,Neurodegeneration is a subset of neurosciences.,,
C2,Clinical Neurology,Brain Disorders,overlap,adjudicated,"Brain disease is shared; neurology adds spinal and neuromuscular disease, and RCDC adds psychiatric disorders.",,
C2,Cancer Biology (General),Cancer,area_narrower,agreed,General cancer biology is a subset of all cancer research,,
C2,Health Services Research & Health Policy,Cost Effectiveness Research,area_broader,adjudicated,Cost-effectiveness studies fall within the area's cost and value scope.,,
B,Single-Cell & Spatial Biology,Organoids and Genomics,overlap,agreed,Single-cell genomics is a core genomics platform.,,
C2,Palliative & End-of-Life Care,Caregiving Research,overlap,adjudicated,Caregivers of seriously ill patients explicitly in scope.,,
C2,Pediatrics & Neonatology,Childhood Obesity,area_broader,adjudicated,Childhood obesity is a pediatric condition.,,
C2,Pediatrics & Neonatology,Congenital Structural Anomalies,overlap,adjudicated,Congenital anomalies are managed in pediatrics but also studied embryologically and surgically.,,
C2,"Gastroenterology, Hepatology & Pancreatic Disease",Hepatitis - C,area_broader,agreed,Hepatitis C is a liver disease.,,
C1,Lung Cancer,National Cancer Institute,area_narrower,agreed,Specific cancer type within NCI mission.,,
C2,Infectious Disease & Host Defense,Immunization,area_broader,agreed,Vaccination is host defense against pathogens.,,
C1,Pain Medicine,National Institute of Neurological Disorders and Stroke,overlap,adjudicated,NINDS leads pain research (HEAL); clinical pain management and opioid stewardship extend beyond.,,
C2,Emergency & Critical Care Medicine,Sepsis,area_broader,agreed,Sepsis named in area,,
C2,"Genetics, Genomics & Precision Medicine",Genetic Testing,area_broader,agreed,Genetic testing is part of genomics and precision medicine.,,
B,Biomedical Informatics,Computational Biomedicine,overlap,agreed,Computational methods applied to biomedical problems.,,
C2,Neurodegenerative Disease,Ataxia Telangiectasia,area_broader,gap_review,Ataxia telangiectasia is a progressive cerebellar neurodegenerative disorder.,,
C2,Dermatology & Skin Disease,Psoriasis,area_broader,agreed,Psoriasis is named in dermatology area,,
C2,Hematology,Childhood Leukemia,area_broader,agreed,Leukemia is a hematologic malignancy,,
C2,Cardiovascular Disease,Pulmonary Hypertension,area_broader,adjudicated,Pulmonary hypertension is a vascular/cardiopulmonary condition.,,
C2,Otolaryngology & Head and Neck Medicine,Otitis Media,area_broader,agreed,Otitis media is an ear disorder.,,
C2,Autoimmune & Rheumatologic Disease,Sjogren's Disease,area_broader,agreed,Sjogren's is systemic autoimmune disease,,
C2,Palliative & End-of-Life Care,Palliative Care,exact,agreed,Palliative care is the same field,,
C2,Women's Health & Reproductive Medicine,Cervical Cancer,area_broader,adjudicated,"Area explicitly encompasses gynecologic oncology, including cervical cancer.",,
C2,Autoimmune & Rheumatologic Disease,Autoimmune Disease,overlap,agreed,"Systemic autoimmunity shared; RCDC includes organ-specific autoimmunity, area includes non-autoimmune rheumatology",,
